_meta_key,_meta_value
task_id,8f44f282-c217-4447-ab49-253f4e6a3481
apk_name,app-debug.apk
apk_size_bytes,7171307
start_time,2025-12-11T17:10:30.123217Z
end_time,2025-12-11T17:11:54.005410Z
duration_seconds,83.88

feature,value
min_sdk,24
target_sdk,35
Permission::ACCESS_NETWORK_STATE,1
Permission::DYNAMIC_RECEIVER_NOT_EXPORTED_PERMISSION,1
Permission::INTERNET,1
Permission::NFC,1
Intent::BENCHMARK_OPERATION,1
Intent::INSTALL_PROFILE,1
Intent::SAVE_PROFILE,1
Intent::SKIP_FILE,1
APICall::Landroid/accessibilityservice/AccessibilityServiceInfo.getCapabilities(),1
APICall::Landroid/accessibilityservice/AccessibilityServiceInfo.getSettingsActivityName(),1
APICall::Landroid/accessibilityservice/AccessibilityServiceInfo.loadDescription(),1
APICall::Landroid/animation/Animator.addListener(),1
APICall::Landroid/animation/Animator.addPauseListener(),1
APICall::Landroid/animation/Animator.cancel(),1
APICall::Landroid/animation/Animator.clone(),1
APICall::Landroid/animation/Animator.end(),1
APICall::Landroid/animation/Animator.getDuration(),1
APICall::Landroid/animation/Animator.getStartDelay(),1
APICall::Landroid/animation/Animator.getTotalDuration(),1
APICall::Landroid/animation/Animator.isRunning(),1
APICall::Landroid/animation/Animator.isStarted(),1
APICall::Landroid/animation/Animator.pause(),1
APICall::Landroid/animation/Animator.removeListener(),1
APICall::Landroid/animation/Animator.resume(),1
APICall::Landroid/animation/Animator.setDuration(),1
APICall::Landroid/animation/Animator.setInterpolator(),1
APICall::Landroid/animation/Animator.setStartDelay(),1
APICall::Landroid/animation/Animator.setTarget(),1
APICall::Landroid/animation/Animator.start(),1
APICall::Landroid/animation/AnimatorInflater.loadAnimator(),1
APICall::Landroid/animation/AnimatorInflater.loadStateListAnimator(),1
APICall::Landroid/animation/AnimatorListenerAdapter.<init>(),1
APICall::Landroid/animation/AnimatorListenerAdapter.onAnimationEnd(),1
APICall::Landroid/animation/AnimatorListenerAdapter.onAnimationRepeat(),1
APICall::Landroid/animation/AnimatorListenerAdapter.onAnimationStart(),1
APICall::Landroid/animation/AnimatorSet$Builder.with(),1
APICall::Landroid/animation/AnimatorSet.<init>(),1
APICall::Landroid/animation/AnimatorSet.addListener(),1
APICall::Landroid/animation/AnimatorSet.cancel(),1
APICall::Landroid/animation/AnimatorSet.end(),1
APICall::Landroid/animation/AnimatorSet.getChildAnimations(),1
APICall::Landroid/animation/AnimatorSet.getDuration(),1
APICall::Landroid/animation/AnimatorSet.getTotalDuration(),1
APICall::Landroid/animation/AnimatorSet.isRunning(),1
APICall::Landroid/animation/AnimatorSet.isStarted(),1
APICall::Landroid/animation/AnimatorSet.pause(),1
APICall::Landroid/animation/AnimatorSet.play(),1
APICall::Landroid/animation/AnimatorSet.playSequentially(),1
APICall::Landroid/animation/AnimatorSet.playTogether(),1
APICall::Landroid/animation/AnimatorSet.removeListener(),1
APICall::Landroid/animation/AnimatorSet.resume(),1
APICall::Landroid/animation/AnimatorSet.reverse(),1
APICall::Landroid/animation/AnimatorSet.setCurrentPlayTime(),1
APICall::Landroid/animation/AnimatorSet.setDuration(),1
APICall::Landroid/animation/AnimatorSet.setInterpolator(),1
APICall::Landroid/animation/AnimatorSet.setStartDelay(),1
APICall::Landroid/animation/AnimatorSet.start(),1
APICall::Landroid/animation/ArgbEvaluator.<init>(),1
APICall::Landroid/animation/FloatEvaluator.<init>(),1
APICall::Landroid/animation/FloatEvaluator.evaluate(),1
APICall::Landroid/animation/Keyframe.getFraction(),1
APICall::Landroid/animation/Keyframe.getType(),1
APICall::Landroid/animation/Keyframe.getValue(),1
APICall::Landroid/animation/Keyframe.hasValue(),1
APICall::Landroid/animation/Keyframe.ofFloat(),1
APICall::Landroid/animation/Keyframe.ofInt(),1
APICall::Landroid/animation/Keyframe.ofObject(),1
APICall::Landroid/animation/Keyframe.setFraction(),1
APICall::Landroid/animation/Keyframe.setInterpolator(),1
APICall::Landroid/animation/LayoutTransition.isChangingLayout(),1
APICall::Landroid/animation/ObjectAnimator.<init>(),1
APICall::Landroid/animation/ObjectAnimator.addListener(),1
APICall::Landroid/animation/ObjectAnimator.addPauseListener(),1
APICall::Landroid/animation/ObjectAnimator.addUpdateListener(),1
APICall::Landroid/animation/ObjectAnimator.cancel(),1
APICall::Landroid/animation/ObjectAnimator.end(),1
APICall::Landroid/animation/ObjectAnimator.getAnimatedValue(),1
APICall::Landroid/animation/ObjectAnimator.getPropertyName(),1
APICall::Landroid/animation/ObjectAnimator.getValues(),1
APICall::Landroid/animation/ObjectAnimator.isRunning(),1
APICall::Landroid/animation/ObjectAnimator.isStarted(),1
APICall::Landroid/animation/ObjectAnimator.ofFloat(),1
APICall::Landroid/animation/ObjectAnimator.ofInt(),1
APICall::Landroid/animation/ObjectAnimator.ofObject(),1
APICall::Landroid/animation/ObjectAnimator.ofPropertyValuesHolder(),1
APICall::Landroid/animation/ObjectAnimator.reverse(),1
APICall::Landroid/animation/ObjectAnimator.setAutoCancel(),1
APICall::Landroid/animation/ObjectAnimator.setDuration(),1
APICall::Landroid/animation/ObjectAnimator.setEvaluator(),1
APICall::Landroid/animation/ObjectAnimator.setFloatValues(),1
APICall::Landroid/animation/ObjectAnimator.setInterpolator(),1
APICall::Landroid/animation/ObjectAnimator.setProperty(),1
APICall::Landroid/animation/ObjectAnimator.setPropertyName(),1
APICall::Landroid/animation/ObjectAnimator.setRepeatCount(),1
APICall::Landroid/animation/ObjectAnimator.setValues(),1
APICall::Landroid/animation/ObjectAnimator.start(),1
APICall::Landroid/animation/PropertyValuesHolder.clone(),1
APICall::Landroid/animation/PropertyValuesHolder.ofFloat(),1
APICall::Landroid/animation/PropertyValuesHolder.ofInt(),1
APICall::Landroid/animation/PropertyValuesHolder.ofKeyframe(),1
APICall::Landroid/animation/PropertyValuesHolder.ofObject(),1
APICall::Landroid/animation/PropertyValuesHolder.setEvaluator(),1
APICall::Landroid/animation/PropertyValuesHolder.setFloatValues(),1
APICall::Landroid/animation/StateListAnimator.<init>(),1
APICall::Landroid/animation/StateListAnimator.addState(),1
APICall::Landroid/animation/StateListAnimator.jumpToCurrentState(),1
APICall::Landroid/animation/TimeInterpolator.getInterpolation(),1
APICall::Landroid/animation/ValueAnimator.<init>(),1
APICall::Landroid/animation/ValueAnimator.addListener(),1
APICall::Landroid/animation/ValueAnimator.addUpdateListener(),1
APICall::Landroid/animation/ValueAnimator.cancel(),1
APICall::Landroid/animation/ValueAnimator.end(),1
APICall::Landroid/animation/ValueAnimator.getAnimatedFraction(),1
APICall::Landroid/animation/ValueAnimator.getAnimatedValue(),1
APICall::Landroid/animation/ValueAnimator.getDuration(),1
APICall::Landroid/animation/ValueAnimator.getDurationScale(),1
APICall::Landroid/animation/ValueAnimator.getInterpolator(),1
APICall::Landroid/animation/ValueAnimator.getRepeatCount(),1
APICall::Landroid/animation/ValueAnimator.getRepeatMode(),1
APICall::Landroid/animation/ValueAnimator.getStartDelay(),1
APICall::Landroid/animation/ValueAnimator.isPaused(),1
APICall::Landroid/animation/ValueAnimator.isRunning(),1
APICall::Landroid/animation/ValueAnimator.ofFloat(),1
APICall::Landroid/animation/ValueAnimator.ofInt(),1
APICall::Landroid/animation/ValueAnimator.ofObject(),1
APICall::Landroid/animation/ValueAnimator.registerDurationScaleChangeListener(),1
APICall::Landroid/animation/ValueAnimator.removeAllUpdateListeners(),1
APICall::Landroid/animation/ValueAnimator.resume(),1
APICall::Landroid/animation/ValueAnimator.reverse(),1
APICall::Landroid/animation/ValueAnimator.setDuration(),1
APICall::Landroid/animation/ValueAnimator.setFloatValues(),1
APICall::Landroid/animation/ValueAnimator.setIntValues(),1
APICall::Landroid/animation/ValueAnimator.setInterpolator(),1
APICall::Landroid/animation/ValueAnimator.setRepeatCount(),1
APICall::Landroid/animation/ValueAnimator.setRepeatMode(),1
APICall::Landroid/animation/ValueAnimator.setStartDelay(),1
APICall::Landroid/animation/ValueAnimator.setTarget(),1
APICall::Landroid/animation/ValueAnimator.setValues(),1
APICall::Landroid/animation/ValueAnimator.start(),1
APICall::Landroid/animation/ValueAnimator.unregisterDurationScaleChangeListener(),1
APICall::Landroid/app/ActionBar.getDisplayOptions(),1
APICall::Landroid/app/ActionBar.getThemedContext(),1
APICall::Landroid/app/ActionBar.setHomeActionContentDescription(),1
APICall::Landroid/app/ActionBar.setHomeAsUpIndicator(),1
APICall::Landroid/app/Activity.<init>(),1
APICall::Landroid/app/Activity.dispatchKeyEvent(),1
APICall::Landroid/app/Activity.dispatchKeyShortcutEvent(),1
APICall::Landroid/app/Activity.findViewById(),1
APICall::Landroid/app/Activity.finish(),1
APICall::Landroid/app/Activity.finishAffinity(),1
APICall::Landroid/app/Activity.finishAfterTransition(),1
APICall::Landroid/app/Activity.getActionBar(),1
APICall::Landroid/app/Activity.getApplication(),1
APICall::Landroid/app/Activity.getApplicationContext(),1
APICall::Landroid/app/Activity.getCallingActivity(),1
APICall::Landroid/app/Activity.getCallingPackage(),1
APICall::Landroid/app/Activity.getComponentName(),1
APICall::Landroid/app/Activity.getFragmentManager(),1
APICall::Landroid/app/Activity.getIntent(),1
APICall::Landroid/app/Activity.getMainLooper(),1
APICall::Landroid/app/Activity.getOnBackInvokedDispatcher(),1
APICall::Landroid/app/Activity.getPackageManager(),1
APICall::Landroid/app/Activity.getPackageName(),1
APICall::Landroid/app/Activity.getParentActivityIntent(),1
APICall::Landroid/app/Activity.getReferrer(),1
APICall::Landroid/app/Activity.getSharedPreferences(),1
APICall::Landroid/app/Activity.getSystemService(),1
APICall::Landroid/app/Activity.getTitle(),1
APICall::Landroid/app/Activity.getWindow(),1
APICall::Landroid/app/Activity.getWindowManager(),1
APICall::Landroid/app/Activity.invalidateOptionsMenu(),1
APICall::Landroid/app/Activity.isChangingConfigurations(),1
APICall::Landroid/app/Activity.isChild(),1
APICall::Landroid/app/Activity.isFinishing(),1
APICall::Landroid/app/Activity.isLaunchedFromBubble(),1
APICall::Landroid/app/Activity.navigateUpTo(),1
APICall::Landroid/app/Activity.onConfigurationChanged(),1
APICall::Landroid/app/Activity.onCreate(),1
APICall::Landroid/app/Activity.onSaveInstanceState(),1
APICall::Landroid/app/Activity.onUserInteraction(),1
APICall::Landroid/app/Activity.overridePendingTransition(),1
APICall::Landroid/app/Activity.postponeEnterTransition(),1
APICall::Landroid/app/Activity.recreate(),1
APICall::Landroid/app/Activity.registerActivityLifecycleCallbacks(),1
APICall::Landroid/app/Activity.requestDragAndDropPermissions(),1
APICall::Landroid/app/Activity.requestPermissions(),1
APICall::Landroid/app/Activity.requireViewById(),1
APICall::Landroid/app/Activity.setEnterSharedElementCallback(),1
APICall::Landroid/app/Activity.setExitSharedElementCallback(),1
APICall::Landroid/app/Activity.setLocusContext(),1
APICall::Landroid/app/Activity.setPictureInPictureParams(),1
APICall::Landroid/app/Activity.shouldShowRequestPermissionRationale(),1
APICall::Landroid/app/Activity.shouldUpRecreateTask(),1
APICall::Landroid/app/Activity.startActivityForResult(),1
APICall::Landroid/app/Activity.startIntentSenderForResult(),1
APICall::Landroid/app/Activity.startPostponedEnterTransition(),1
APICall::Landroid/app/ActivityManager.getLauncherLargeIconSize(),1
APICall::Landroid/app/ActivityManager.isLowRamDevice(),1
APICall::Landroid/app/ActivityOptions.getLaunchBounds(),1
APICall::Landroid/app/ActivityOptions.makeBasic(),1
APICall::Landroid/app/ActivityOptions.makeClipRevealAnimation(),1
APICall::Landroid/app/ActivityOptions.makeCustomAnimation(),1
APICall::Landroid/app/ActivityOptions.makeScaleUpAnimation(),1
APICall::Landroid/app/ActivityOptions.makeSceneTransitionAnimation(),1
APICall::Landroid/app/ActivityOptions.makeTaskLaunchBehind(),1
APICall::Landroid/app/ActivityOptions.makeThumbnailScaleUpAnimation(),1
APICall::Landroid/app/ActivityOptions.requestUsageTimeReport(),1
APICall::Landroid/app/ActivityOptions.setLaunchBounds(),1
APICall::Landroid/app/ActivityOptions.setShareIdentityEnabled(),1
APICall::Landroid/app/ActivityOptions.toBundle(),1
APICall::Landroid/app/ActivityOptions.update(),1
APICall::Landroid/app/AlarmManager$AlarmClockInfo.<init>(),1
APICall::Landroid/app/AlarmManager.canScheduleExactAlarms(),1
APICall::Landroid/app/AlarmManager.setAlarmClock(),1
APICall::Landroid/app/AlarmManager.setAndAllowWhileIdle(),1
APICall::Landroid/app/AlarmManager.setExact(),1
APICall::Landroid/app/AlarmManager.setExactAndAllowWhileIdle(),1
APICall::Landroid/app/AppComponentFactory.<init>(),1
APICall::Landroid/app/AppComponentFactory.instantiateActivity(),1
APICall::Landroid/app/AppComponentFactory.instantiateApplication(),1
APICall::Landroid/app/AppComponentFactory.instantiateProvider(),1
APICall::Landroid/app/AppComponentFactory.instantiateReceiver(),1
APICall::Landroid/app/AppComponentFactory.instantiateService(),1
APICall::Landroid/app/AppOpsManager.checkOpNoThrow(),1
APICall::Landroid/app/AppOpsManager.noteOp(),1
APICall::Landroid/app/AppOpsManager.noteOpNoThrow(),1
APICall::Landroid/app/AppOpsManager.noteProxyOp(),1
APICall::Landroid/app/AppOpsManager.noteProxyOpNoThrow(),1
APICall::Landroid/app/AppOpsManager.permissionToOp(),1
APICall::Landroid/app/Application.getPackageManager(),1
APICall::Landroid/app/Application.registerActivityLifecycleCallbacks(),1
APICall::Landroid/app/Application.unregisterActivityLifecycleCallbacks(),1
APICall::Landroid/app/DatePickerDialog.<init>(),1
APICall::Landroid/app/DatePickerDialog.onCreate(),1
APICall::Landroid/app/Dialog.<init>(),1
APICall::Landroid/app/Dialog.addContentView(),1
APICall::Landroid/app/Dialog.dismiss(),1
APICall::Landroid/app/Dialog.findViewById(),1
APICall::Landroid/app/Dialog.getContext(),1
APICall::Landroid/app/Dialog.getWindow(),1
APICall::Landroid/app/Dialog.hide(),1
APICall::Landroid/app/Dialog.onBackPressed(),1
APICall::Landroid/app/Dialog.onCreate(),1
APICall::Landroid/app/Dialog.onRestoreInstanceState(),1
APICall::Landroid/app/Dialog.onSaveInstanceState(),1
APICall::Landroid/app/Dialog.onStart(),1
APICall::Landroid/app/Dialog.onStop(),1
APICall::Landroid/app/Dialog.onTouchEvent(),1
APICall::Landroid/app/Dialog.requestWindowFeature(),1
APICall::Landroid/app/Dialog.requireViewById(),1
APICall::Landroid/app/Dialog.setCancelable(),1
APICall::Landroid/app/Dialog.setContentView(),1
APICall::Landroid/app/Dialog.setOnCancelListener(),1
APICall::Landroid/app/Dialog.setOnDismissListener(),1
APICall::Landroid/app/Dialog.setOwnerActivity(),1
APICall::Landroid/app/Dialog.show(),1
APICall::Landroid/app/Fragment.<init>(),1
APICall::Landroid/app/Fragment.onActivityCreated(),1
APICall::Landroid/app/Fragment.onDestroy(),1
APICall::Landroid/app/Fragment.onPause(),1
APICall::Landroid/app/Fragment.onResume(),1
APICall::Landroid/app/Fragment.onStart(),1
APICall::Landroid/app/Fragment.onStop(),1
APICall::Landroid/app/FragmentManager.beginTransaction(),1
APICall::Landroid/app/FragmentManager.executePendingTransactions(),1
APICall::Landroid/app/FragmentManager.findFragmentByTag(),1
APICall::Landroid/app/FragmentTransaction.add(),1
APICall::Landroid/app/FragmentTransaction.commit(),1
APICall::Landroid/app/GrammaticalInflectionManager.getApplicationGrammaticalGender(),1
APICall::Landroid/app/GrammaticalInflectionManager.setRequestedApplicationGrammaticalGender(),1
APICall::Landroid/app/LocaleManager.getApplicationLocales(),1
APICall::Landroid/app/LocaleManager.getSystemLocales(),1
APICall::Landroid/app/LocaleManager.setApplicationLocales(),1
APICall::Landroid/app/Notification$Action$Builder.<init>(),1
APICall::Landroid/app/Notification$Action$Builder.addExtras(),1
APICall::Landroid/app/Notification$Action$Builder.addRemoteInput(),1
APICall::Landroid/app/Notification$Action$Builder.build(),1
APICall::Landroid/app/Notification$Action$Builder.setAllowGeneratedReplies(),1
APICall::Landroid/app/Notification$Action$Builder.setAuthenticationRequired(),1
APICall::Landroid/app/Notification$Action$Builder.setContextual(),1
APICall::Landroid/app/Notification$Action$Builder.setSemanticAction(),1
APICall::Landroid/app/Notification$Action.getAllowGeneratedReplies(),1
APICall::Landroid/app/Notification$Action.getExtras(),1
APICall::Landroid/app/Notification$Action.getIcon(),1
APICall::Landroid/app/Notification$Action.getRemoteInputs(),1
APICall::Landroid/app/Notification$Action.getSemanticAction(),1
APICall::Landroid/app/Notification$Action.isAuthenticationRequired(),1
APICall::Landroid/app/Notification$Action.isContextual(),1
APICall::Landroid/app/Notification$BigPictureStyle.<init>(),1
APICall::Landroid/app/Notification$BigPictureStyle.bigLargeIcon(),1
APICall::Landroid/app/Notification$BigPictureStyle.bigPicture(),1
APICall::Landroid/app/Notification$BigPictureStyle.setBigContentTitle(),1
APICall::Landroid/app/Notification$BigPictureStyle.setContentDescription(),1
APICall::Landroid/app/Notification$BigPictureStyle.setSummaryText(),1
APICall::Landroid/app/Notification$BigPictureStyle.showBigPictureWhenCollapsed(),1
APICall::Landroid/app/Notification$BigTextStyle.<init>(),1
APICall::Landroid/app/Notification$BigTextStyle.bigText(),1
APICall::Landroid/app/Notification$BigTextStyle.setBigContentTitle(),1
APICall::Landroid/app/Notification$BigTextStyle.setSummaryText(),1
APICall::Landroid/app/Notification$BubbleMetadata$Builder.<init>(),1
APICall::Landroid/app/Notification$BubbleMetadata$Builder.build(),1
APICall::Landroid/app/Notification$BubbleMetadata$Builder.setAutoExpandBubble(),1
APICall::Landroid/app/Notification$BubbleMetadata$Builder.setDeleteIntent(),1
APICall::Landroid/app/Notification$BubbleMetadata$Builder.setDesiredHeight(),1
APICall::Landroid/app/Notification$BubbleMetadata$Builder.setDesiredHeightResId(),1
APICall::Landroid/app/Notification$BubbleMetadata$Builder.setIcon(),1
APICall::Landroid/app/Notification$BubbleMetadata$Builder.setIntent(),1
APICall::Landroid/app/Notification$BubbleMetadata$Builder.setSuppressNotification(),1
APICall::Landroid/app/Notification$BubbleMetadata.getAutoExpandBubble(),1
APICall::Landroid/app/Notification$BubbleMetadata.getDeleteIntent(),1
APICall::Landroid/app/Notification$BubbleMetadata.getDesiredHeight(),1
APICall::Landroid/app/Notification$BubbleMetadata.getDesiredHeightResId(),1
APICall::Landroid/app/Notification$BubbleMetadata.getIcon(),1
APICall::Landroid/app/Notification$BubbleMetadata.getIntent(),1
APICall::Landroid/app/Notification$BubbleMetadata.getShortcutId(),1
APICall::Landroid/app/Notification$BubbleMetadata.isNotificationSuppressed(),1
APICall::Landroid/app/Notification$Builder.<init>(),1
APICall::Landroid/app/Notification$Builder.addAction(),1
APICall::Landroid/app/Notification$Builder.addPerson(),1
APICall::Landroid/app/Notification$Builder.build(),1
APICall::Landroid/app/Notification$Builder.createContentView(),1
APICall::Landroid/app/Notification$Builder.createHeadsUpContentView(),1
APICall::Landroid/app/Notification$Builder.recoverBuilder(),1
APICall::Landroid/app/Notification$Builder.setAllowSystemGeneratedContextualActions(),1
APICall::Landroid/app/Notification$Builder.setAutoCancel(),1
APICall::Landroid/app/Notification$Builder.setBadgeIconType(),1
APICall::Landroid/app/Notification$Builder.setBubbleMetadata(),1
APICall::Landroid/app/Notification$Builder.setCategory(),1
APICall::Landroid/app/Notification$Builder.setColor(),1
APICall::Landroid/app/Notification$Builder.setColorized(),1
APICall::Landroid/app/Notification$Builder.setContent(),1
APICall::Landroid/app/Notification$Builder.setContentInfo(),1
APICall::Landroid/app/Notification$Builder.setContentIntent(),1
APICall::Landroid/app/Notification$Builder.setContentText(),1
APICall::Landroid/app/Notification$Builder.setContentTitle(),1
APICall::Landroid/app/Notification$Builder.setCustomBigContentView(),1
APICall::Landroid/app/Notification$Builder.setCustomContentView(),1
APICall::Landroid/app/Notification$Builder.setCustomHeadsUpContentView(),1
APICall::Landroid/app/Notification$Builder.setDefaults(),1
APICall::Landroid/app/Notification$Builder.setDeleteIntent(),1
APICall::Landroid/app/Notification$Builder.setExtras(),1
APICall::Landroid/app/Notification$Builder.setForegroundServiceBehavior(),1
APICall::Landroid/app/Notification$Builder.setFullScreenIntent(),1
APICall::Landroid/app/Notification$Builder.setGroup(),1
APICall::Landroid/app/Notification$Builder.setGroupAlertBehavior(),1
APICall::Landroid/app/Notification$Builder.setGroupSummary(),1
APICall::Landroid/app/Notification$Builder.setLargeIcon(),1
APICall::Landroid/app/Notification$Builder.setLights(),1
APICall::Landroid/app/Notification$Builder.setLocalOnly(),1
APICall::Landroid/app/Notification$Builder.setLocusId(),1
APICall::Landroid/app/Notification$Builder.setNumber(),1
APICall::Landroid/app/Notification$Builder.setOngoing(),1
APICall::Landroid/app/Notification$Builder.setOnlyAlertOnce(),1
APICall::Landroid/app/Notification$Builder.setPriority(),1
APICall::Landroid/app/Notification$Builder.setProgress(),1
APICall::Landroid/app/Notification$Builder.setPublicVersion(),1
APICall::Landroid/app/Notification$Builder.setRemoteInputHistory(),1
APICall::Landroid/app/Notification$Builder.setSettingsText(),1
APICall::Landroid/app/Notification$Builder.setShortcutId(),1
APICall::Landroid/app/Notification$Builder.setShowWhen(),1
APICall::Landroid/app/Notification$Builder.setSmallIcon(),1
APICall::Landroid/app/Notification$Builder.setSortKey(),1
APICall::Landroid/app/Notification$Builder.setSound(),1
APICall::Landroid/app/Notification$Builder.setStyle(),1
APICall::Landroid/app/Notification$Builder.setSubText(),1
APICall::Landroid/app/Notification$Builder.setTicker(),1
APICall::Landroid/app/Notification$Builder.setTimeoutAfter(),1
APICall::Landroid/app/Notification$Builder.setUsesChronometer(),1
APICall::Landroid/app/Notification$Builder.setVibrate(),1
APICall::Landroid/app/Notification$Builder.setVisibility(),1
APICall::Landroid/app/Notification$Builder.setWhen(),1
APICall::Landroid/app/Notification$CallStyle.forIncomingCall(),1
APICall::Landroid/app/Notification$CallStyle.forOngoingCall(),1
APICall::Landroid/app/Notification$CallStyle.forScreeningCall(),1
APICall::Landroid/app/Notification$CallStyle.setAnswerButtonColorHint(),1
APICall::Landroid/app/Notification$CallStyle.setBuilder(),1
APICall::Landroid/app/Notification$CallStyle.setDeclineButtonColorHint(),1
APICall::Landroid/app/Notification$CallStyle.setIsVideo(),1
APICall::Landroid/app/Notification$CallStyle.setVerificationIcon(),1
APICall::Landroid/app/Notification$CallStyle.setVerificationText(),1
APICall::Landroid/app/Notification$DecoratedCustomViewStyle.<init>(),1
APICall::Landroid/app/Notification$InboxStyle.<init>(),1
APICall::Landroid/app/Notification$InboxStyle.addLine(),1
APICall::Landroid/app/Notification$InboxStyle.setBigContentTitle(),1
APICall::Landroid/app/Notification$InboxStyle.setSummaryText(),1
APICall::Landroid/app/Notification$MessagingStyle$Message.<init>(),1
APICall::Landroid/app/Notification$MessagingStyle$Message.setData(),1
APICall::Landroid/app/Notification$MessagingStyle.<init>(),1
APICall::Landroid/app/Notification$MessagingStyle.addHistoricMessage(),1
APICall::Landroid/app/Notification$MessagingStyle.addMessage(),1
APICall::Landroid/app/Notification$MessagingStyle.setConversationTitle(),1
APICall::Landroid/app/Notification$MessagingStyle.setGroupConversation(),1
APICall::Landroid/app/Notification$Style.setBuilder(),1
APICall::Landroid/app/Notification.<init>(),1
APICall::Landroid/app/Notification.getAllowSystemGeneratedContextualActions(),1
APICall::Landroid/app/Notification.getBadgeIconType(),1
APICall::Landroid/app/Notification.getBubbleMetadata(),1
APICall::Landroid/app/Notification.getChannelId(),1
APICall::Landroid/app/Notification.getGroup(),1
APICall::Landroid/app/Notification.getGroupAlertBehavior(),1
APICall::Landroid/app/Notification.getLargeIcon(),1
APICall::Landroid/app/Notification.getLocusId(),1
APICall::Landroid/app/Notification.getSettingsText(),1
APICall::Landroid/app/Notification.getShortcutId(),1
APICall::Landroid/app/Notification.getSmallIcon(),1
APICall::Landroid/app/Notification.getSortKey(),1
APICall::Landroid/app/Notification.getTimeoutAfter(),1
APICall::Landroid/app/NotificationChannel.<init>(),1
APICall::Landroid/app/NotificationChannel.canBubble(),1
APICall::Landroid/app/NotificationChannel.canBypassDnd(),1
APICall::Landroid/app/NotificationChannel.canShowBadge(),1
APICall::Landroid/app/NotificationChannel.enableLights(),1
APICall::Landroid/app/NotificationChannel.enableVibration(),1
APICall::Landroid/app/NotificationChannel.getAudioAttributes(),1
APICall::Landroid/app/NotificationChannel.getConversationId(),1
APICall::Landroid/app/NotificationChannel.getDescription(),1
APICall::Landroid/app/NotificationChannel.getGroup(),1
APICall::Landroid/app/NotificationChannel.getId(),1
APICall::Landroid/app/NotificationChannel.getImportance(),1
APICall::Landroid/app/NotificationChannel.getLightColor(),1
APICall::Landroid/app/NotificationChannel.getLockscreenVisibility(),1
APICall::Landroid/app/NotificationChannel.getName(),1
APICall::Landroid/app/NotificationChannel.getParentChannelId(),1
APICall::Landroid/app/NotificationChannel.getSound(),1
APICall::Landroid/app/NotificationChannel.getVibrationPattern(),1
APICall::Landroid/app/NotificationChannel.isImportantConversation(),1
APICall::Landroid/app/NotificationChannel.setConversationId(),1
APICall::Landroid/app/NotificationChannel.setDescription(),1
APICall::Landroid/app/NotificationChannel.setGroup(),1
APICall::Landroid/app/NotificationChannel.setLightColor(),1
APICall::Landroid/app/NotificationChannel.setShowBadge(),1
APICall::Landroid/app/NotificationChannel.setSound(),1
APICall::Landroid/app/NotificationChannel.setVibrationPattern(),1
APICall::Landroid/app/NotificationChannel.shouldShowLights(),1
APICall::Landroid/app/NotificationChannel.shouldVibrate(),1
APICall::Landroid/app/NotificationChannelGroup.<init>(),1
APICall::Landroid/app/NotificationChannelGroup.getChannels(),1
APICall::Landroid/app/NotificationChannelGroup.getDescription(),1
APICall::Landroid/app/NotificationChannelGroup.getId(),1
APICall::Landroid/app/NotificationChannelGroup.getName(),1
APICall::Landroid/app/NotificationChannelGroup.isBlocked(),1
APICall::Landroid/app/NotificationChannelGroup.setDescription(),1
APICall::Landroid/app/NotificationManager.areNotificationsEnabled(),1
APICall::Landroid/app/NotificationManager.canUseFullScreenIntent(),1
APICall::Landroid/app/NotificationManager.cancel(),1
APICall::Landroid/app/NotificationManager.cancelAll(),1
APICall::Landroid/app/NotificationManager.createNotificationChannel(),1
APICall::Landroid/app/NotificationManager.createNotificationChannelGroup(),1
APICall::Landroid/app/NotificationManager.createNotificationChannelGroups(),1
APICall::Landroid/app/NotificationManager.createNotificationChannels(),1
APICall::Landroid/app/NotificationManager.deleteNotificationChannel(),1
APICall::Landroid/app/NotificationManager.deleteNotificationChannelGroup(),1
APICall::Landroid/app/NotificationManager.getActiveNotifications(),1
APICall::Landroid/app/NotificationManager.getCurrentInterruptionFilter(),1
APICall::Landroid/app/NotificationManager.getImportance(),1
APICall::Landroid/app/NotificationManager.getNotificationChannel(),1
APICall::Landroid/app/NotificationManager.getNotificationChannelGroup(),1
APICall::Landroid/app/NotificationManager.getNotificationChannelGroups(),1
APICall::Landroid/app/NotificationManager.getNotificationChannels(),1
APICall::Landroid/app/NotificationManager.notify(),1
APICall::Landroid/app/PendingIntent$OnFinished.onSendFinished(),1
APICall::Landroid/app/PendingIntent.getActivities(),1
APICall::Landroid/app/PendingIntent.getActivity(),1
APICall::Landroid/app/PendingIntent.getBroadcast(),1
APICall::Landroid/app/PendingIntent.getForegroundService(),1
APICall::Landroid/app/PendingIntent.getIntentSender(),1
APICall::Landroid/app/PendingIntent.getService(),1
APICall::Landroid/app/PendingIntent.send(),1
APICall::Landroid/app/Person$Builder.<init>(),1
APICall::Landroid/app/Person$Builder.build(),1
APICall::Landroid/app/Person$Builder.setBot(),1
APICall::Landroid/app/Person$Builder.setIcon(),1
APICall::Landroid/app/Person$Builder.setImportant(),1
APICall::Landroid/app/Person$Builder.setKey(),1
APICall::Landroid/app/Person$Builder.setName(),1
APICall::Landroid/app/Person$Builder.setUri(),1
APICall::Landroid/app/Person.getIcon(),1
APICall::Landroid/app/Person.getKey(),1
APICall::Landroid/app/Person.getName(),1
APICall::Landroid/app/Person.getUri(),1
APICall::Landroid/app/Person.isBot(),1
APICall::Landroid/app/Person.isImportant(),1
APICall::Landroid/app/PictureInPictureParams$Builder.<init>(),1
APICall::Landroid/app/PictureInPictureParams$Builder.build(),1
APICall::Landroid/app/PictureInPictureParams$Builder.setSourceRectHint(),1
APICall::Landroid/app/RemoteAction.<init>(),1
APICall::Landroid/app/RemoteAction.getActionIntent(),1
APICall::Landroid/app/RemoteAction.getContentDescription(),1
APICall::Landroid/app/RemoteAction.getIcon(),1
APICall::Landroid/app/RemoteAction.getTitle(),1
APICall::Landroid/app/RemoteAction.isEnabled(),1
APICall::Landroid/app/RemoteAction.setEnabled(),1
APICall::Landroid/app/RemoteAction.setShouldShowIcon(),1
APICall::Landroid/app/RemoteAction.shouldShowIcon(),1
APICall::Landroid/app/RemoteInput$Builder.<init>(),1
APICall::Landroid/app/RemoteInput$Builder.addExtras(),1
APICall::Landroid/app/RemoteInput$Builder.build(),1
APICall::Landroid/app/RemoteInput$Builder.setAllowDataType(),1
APICall::Landroid/app/RemoteInput$Builder.setAllowFreeFormInput(),1
APICall::Landroid/app/RemoteInput$Builder.setChoices(),1
APICall::Landroid/app/RemoteInput$Builder.setEditChoicesBeforeSending(),1
APICall::Landroid/app/RemoteInput$Builder.setLabel(),1
APICall::Landroid/app/RemoteInput.addDataResultToIntent(),1
APICall::Landroid/app/RemoteInput.addResultsToIntent(),1
APICall::Landroid/app/RemoteInput.getAllowFreeFormInput(),1
APICall::Landroid/app/RemoteInput.getAllowedDataTypes(),1
APICall::Landroid/app/RemoteInput.getChoices(),1
APICall::Landroid/app/RemoteInput.getDataResultsFromIntent(),1
APICall::Landroid/app/RemoteInput.getEditChoicesBeforeSending(),1
APICall::Landroid/app/RemoteInput.getExtras(),1
APICall::Landroid/app/RemoteInput.getLabel(),1
APICall::Landroid/app/RemoteInput.getResultKey(),1
APICall::Landroid/app/RemoteInput.getResultsFromIntent(),1
APICall::Landroid/app/RemoteInput.getResultsSource(),1
APICall::Landroid/app/RemoteInput.setResultsSource(),1
APICall::Landroid/app/SearchableInfo.getHintId(),1
APICall::Landroid/app/SearchableInfo.getImeOptions(),1
APICall::Landroid/app/SearchableInfo.getInputType(),1
APICall::Landroid/app/SearchableInfo.getSearchActivity(),1
APICall::Landroid/app/SearchableInfo.getSuggestAuthority(),1
APICall::Landroid/app/SearchableInfo.getSuggestIntentAction(),1
APICall::Landroid/app/SearchableInfo.getSuggestIntentData(),1
APICall::Landroid/app/SearchableInfo.getSuggestPath(),1
APICall::Landroid/app/SearchableInfo.getSuggestSelection(),1
APICall::Landroid/app/SearchableInfo.getSuggestThreshold(),1
APICall::Landroid/app/SearchableInfo.getVoiceLanguageId(),1
APICall::Landroid/app/SearchableInfo.getVoiceLanguageModeId(),1
APICall::Landroid/app/SearchableInfo.getVoiceMaxResults(),1
APICall::Landroid/app/SearchableInfo.getVoicePromptTextId(),1
APICall::Landroid/app/SearchableInfo.getVoiceSearchEnabled(),1
APICall::Landroid/app/SearchableInfo.getVoiceSearchLaunchRecognizer(),1
APICall::Landroid/app/SearchableInfo.getVoiceSearchLaunchWebSearch(),1
APICall::Landroid/app/SearchableInfo.shouldRewriteQueryFromData(),1
APICall::Landroid/app/SearchableInfo.shouldRewriteQueryFromText(),1
APICall::Landroid/app/Service.<init>(),1
APICall::Landroid/app/Service.onCreate(),1
APICall::Landroid/app/Service.onDestroy(),1
APICall::Landroid/app/Service.startForeground(),1
APICall::Landroid/app/Service.stopForeground(),1
APICall::Landroid/app/SharedElementCallback$OnSharedElementsReadyListener.onSharedElementsReady(),1
APICall::Landroid/app/SharedElementCallback.<init>(),1
APICall::Landroid/app/SharedElementCallback.onCaptureSharedElementSnapshot(),1
APICall::Landroid/app/SharedElementCallback.onCreateSnapshotView(),1
APICall::Landroid/app/UiModeManager.addContrastChangeListener(),1
APICall::Landroid/app/UiModeManager.getContrast(),1
APICall::Landroid/app/UiModeManager.getCurrentModeType(),1
APICall::Landroid/app/UiModeManager.getNightMode(),1
APICall::Landroid/app/UiModeManager.removeContrastChangeListener(),1
APICall::Landroid/app/job/JobInfo$Builder.<init>(),1
APICall::Landroid/app/job/JobInfo$Builder.build(),1
APICall::Landroid/app/job/JobInfo$Builder.setOverrideDeadline(),1
APICall::Landroid/app/job/JobParameters.completeWork(),1
APICall::Landroid/app/job/JobParameters.dequeueWork(),1
APICall::Landroid/app/job/JobScheduler.enqueue(),1
APICall::Landroid/app/job/JobServiceEngine.<init>(),1
APICall::Landroid/app/job/JobWorkItem.<init>(),1
APICall::Landroid/app/job/JobWorkItem.getIntent(),1
APICall::Landroid/content/BroadcastReceiver.<init>(),1
APICall::Landroid/content/ClipData$Item.<init>(),1
APICall::Landroid/content/ClipData$Item.coerceToStyledText(),1
APICall::Landroid/content/ClipData$Item.coerceToText(),1
APICall::Landroid/content/ClipData$Item.getHtmlText(),1
APICall::Landroid/content/ClipData$Item.getIntent(),1
APICall::Landroid/content/ClipData$Item.getText(),1
APICall::Landroid/content/ClipData$Item.getTextLinks(),1
APICall::Landroid/content/ClipData$Item.getUri(),1
APICall::Landroid/content/ClipData.<init>(),1
APICall::Landroid/content/ClipData.addItem(),1
APICall::Landroid/content/ClipData.getDescription(),1
APICall::Landroid/content/ClipData.getItemAt(),1
APICall::Landroid/content/ClipData.getItemCount(),1
APICall::Landroid/content/ClipData.newIntent(),1
APICall::Landroid/content/ClipDescription.<init>(),1
APICall::Landroid/content/ClipDescription.getLabel(),1
APICall::Landroid/content/ClipDescription.hasMimeType(),1
APICall::Landroid/content/ClipboardManager.getPrimaryClip(),1
APICall::Landroid/content/ComponentName.<init>(),1
APICall::Landroid/content/ComponentName.equals(),1
APICall::Landroid/content/ComponentName.flattenToShortString(),1
APICall::Landroid/content/ComponentName.flattenToString(),1
APICall::Landroid/content/ComponentName.getClassName(),1
APICall::Landroid/content/ComponentName.getPackageName(),1
APICall::Landroid/content/ComponentName.hashCode(),1
APICall::Landroid/content/ComponentName.unflattenFromString(),1
APICall::Landroid/content/ContentProvider.<init>(),1
APICall::Landroid/content/ContentProvider.attachInfo(),1
APICall::Landroid/content/ContentProvider.getContext(),1
APICall::Landroid/content/ContentProviderClient.close(),1
APICall::Landroid/content/ContentProviderClient.query(),1
APICall::Landroid/content/ContentProviderClient.release(),1
APICall::Landroid/content/ContentResolver.acquireUnstableContentProviderClient(),1
APICall::Landroid/content/ContentResolver.openFileDescriptor(),1
APICall::Landroid/content/ContentResolver.openInputStream(),1
APICall::Landroid/content/ContentResolver.query(),1
APICall::Landroid/content/ContentResolver.registerContentObserver(),1
APICall::Landroid/content/ContentResolver.unregisterContentObserver(),1
APICall::Landroid/content/ContentUris.withAppendedId(),1
APICall::Landroid/content/ContentValues.<init>(),1
APICall::Landroid/content/ContentValues.put(),1
APICall::Landroid/content/ContentValues.putNull(),1
APICall::Landroid/content/Context.bindService(),1
APICall::Landroid/content/Context.checkPermission(),1
APICall::Landroid/content/Context.checkSelfPermission(),1
APICall::Landroid/content/Context.createAttributionContext(),1
APICall::Landroid/content/Context.createConfigurationContext(),1
APICall::Landroid/content/Context.createDeviceProtectedStorageContext(),1
APICall::Landroid/content/Context.createPackageContext(),1
APICall::Landroid/content/Context.deleteFile(),1
APICall::Landroid/content/Context.getApplicationContext(),1
APICall::Landroid/content/Context.getApplicationInfo(),1
APICall::Landroid/content/Context.getAssets(),1
APICall::Landroid/content/Context.getAttributionTag(),1
APICall::Landroid/content/Context.getCacheDir(),1
APICall::Landroid/content/Context.getClassLoader(),1
APICall::Landroid/content/Context.getCodeCacheDir(),1
APICall::Landroid/content/Context.getColor(),1
APICall::Landroid/content/Context.getContentResolver(),1
APICall::Landroid/content/Context.getDataDir(),1
APICall::Landroid/content/Context.getDisplay(),1
APICall::Landroid/content/Context.getDrawable(),1
APICall::Landroid/content/Context.getExternalCacheDirs(),1
APICall::Landroid/content/Context.getExternalFilesDirs(),1
APICall::Landroid/content/Context.getExternalMediaDirs(),1
APICall::Landroid/content/Context.getFilesDir(),1
APICall::Landroid/content/Context.getMainExecutor(),1
APICall::Landroid/content/Context.getMainLooper(),1
APICall::Landroid/content/Context.getNoBackupFilesDir(),1
APICall::Landroid/content/Context.getObbDirs(),1
APICall::Landroid/content/Context.getOpPackageName(),1
APICall::Landroid/content/Context.getPackageManager(),1
APICall::Landroid/content/Context.getPackageName(),1
APICall::Landroid/content/Context.getResources(),1
APICall::Landroid/content/Context.getSharedPreferences(),1
APICall::Landroid/content/Context.getString(),1
APICall::Landroid/content/Context.getSystemService(),1
APICall::Landroid/content/Context.getSystemServiceName(),1
APICall::Landroid/content/Context.getText(),1
APICall::Landroid/content/Context.getTheme(),1
APICall::Landroid/content/Context.isDeviceProtectedStorage(),1
APICall::Landroid/content/Context.isRestricted(),1
APICall::Landroid/content/Context.obtainStyledAttributes(),1
APICall::Landroid/content/Context.openFileInput(),1
APICall::Landroid/content/Context.openFileOutput(),1
APICall::Landroid/content/Context.registerReceiver(),1
APICall::Landroid/content/Context.sendBroadcast(),1
APICall::Landroid/content/Context.sendOrderedBroadcast(),1
APICall::Landroid/content/Context.setTheme(),1
APICall::Landroid/content/Context.startActivities(),1
APICall::Landroid/content/Context.startActivity(),1
APICall::Landroid/content/Context.startForegroundService(),1
APICall::Landroid/content/Context.startService(),1
APICall::Landroid/content/Context.unbindService(),1
APICall::Landroid/content/Context.unregisterReceiver(),1
APICall::Landroid/content/ContextWrapper.<init>(),1
APICall::Landroid/content/ContextWrapper.attachBaseContext(),1
APICall::Landroid/content/ContextWrapper.getBaseContext(),1
APICall::Landroid/content/ContextWrapper.getDisplay(),1
APICall::Landroid/content/ContextWrapper.getResources(),1
APICall::Landroid/content/ContextWrapper.getTheme(),1
APICall::Landroid/content/ContextWrapper.setTheme(),1
APICall::Landroid/content/DialogInterface$OnCancelListener.onCancel(),1
APICall::Landroid/content/DialogInterface$OnClickListener.onClick(),1
APICall::Landroid/content/DialogInterface$OnDismissListener.onDismiss(),1
APICall::Landroid/content/DialogInterface$OnKeyListener.onKey(),1
APICall::Landroid/content/DialogInterface$OnMultiChoiceClickListener.onClick(),1
APICall::Landroid/content/DialogInterface.dismiss(),1
APICall::Landroid/content/Intent$ShortcutIconResource.fromContext(),1
APICall::Landroid/content/Intent.<init>(),1
APICall::Landroid/content/Intent.addCategory(),1
APICall::Landroid/content/Intent.addFlags(),1
APICall::Landroid/content/Intent.createChooser(),1
APICall::Landroid/content/Intent.getAction(),1
APICall::Landroid/content/Intent.getBooleanExtra(),1
APICall::Landroid/content/Intent.getBundleExtra(),1
APICall::Landroid/content/Intent.getCategories(),1
APICall::Landroid/content/Intent.getCharSequenceExtra(),1
APICall::Landroid/content/Intent.getClipData(),1
APICall::Landroid/content/Intent.getComponent(),1
APICall::Landroid/content/Intent.getData(),1
APICall::Landroid/content/Intent.getExtras(),1
APICall::Landroid/content/Intent.getFlags(),1
APICall::Landroid/content/Intent.getIdentifier(),1
APICall::Landroid/content/Intent.getIntArrayExtra(),1
APICall::Landroid/content/Intent.getPackage(),1
APICall::Landroid/content/Intent.getParcelableArrayExtra(),1
APICall::Landroid/content/Intent.getParcelableArrayListExtra(),1
APICall::Landroid/content/Intent.getParcelableExtra(),1
APICall::Landroid/content/Intent.getSelector(),1
APICall::Landroid/content/Intent.getSerializableExtra(),1
APICall::Landroid/content/Intent.getSourceBounds(),1
APICall::Landroid/content/Intent.getStringArrayExtra(),1
APICall::Landroid/content/Intent.getStringExtra(),1
APICall::Landroid/content/Intent.getType(),1
APICall::Landroid/content/Intent.hasCategory(),1
APICall::Landroid/content/Intent.hasExtra(),1
APICall::Landroid/content/Intent.makeMainActivity(),1
APICall::Landroid/content/Intent.makeMainSelectorActivity(),1
APICall::Landroid/content/Intent.putExtra(),1
APICall::Landroid/content/Intent.putParcelableArrayListExtra(),1
APICall::Landroid/content/Intent.removeExtra(),1
APICall::Landroid/content/Intent.resolveActivity(),1
APICall::Landroid/content/Intent.setAction(),1
APICall::Landroid/content/Intent.setClassName(),1
APICall::Landroid/content/Intent.setClipData(),1
APICall::Landroid/content/Intent.setComponent(),1
APICall::Landroid/content/Intent.setData(),1
APICall::Landroid/content/Intent.setDataAndType(),1
APICall::Landroid/content/Intent.setExtrasClassLoader(),1
APICall::Landroid/content/Intent.setFlags(),1
APICall::Landroid/content/Intent.setIdentifier(),1
APICall::Landroid/content/Intent.setPackage(),1
APICall::Landroid/content/Intent.setSelector(),1
APICall::Landroid/content/Intent.setSourceBounds(),1
APICall::Landroid/content/Intent.setType(),1
APICall::Landroid/content/Intent.writeToParcel(),1
APICall::Landroid/content/IntentFilter.<init>(),1
APICall::Landroid/content/IntentFilter.addAction(),1
APICall::Landroid/content/IntentFilter.countActions(),1
APICall::Landroid/content/IntentSender.sendIntent(),1
APICall::Landroid/content/LocusId.<init>(),1
APICall::Landroid/content/LocusId.getId(),1
APICall::Landroid/content/SharedPreferences$Editor.apply(),1
APICall::Landroid/content/SharedPreferences$Editor.commit(),1
APICall::Landroid/content/SharedPreferences$Editor.putBoolean(),1
APICall::Landroid/content/SharedPreferences.edit(),1
APICall::Landroid/content/SharedPreferences.getBoolean(),1
APICall::Landroid/content/UriMatcher.match(),1
APICall::Landroid/content/pm/ActivityInfo.getIconResource(),1
APICall::Landroid/content/pm/ActivityInfo.loadXmlMetaData(),1
APICall::Landroid/content/pm/ApplicationInfo.loadIcon(),1
APICall::Landroid/content/pm/PackageInfo.getLongVersionCode(),1
APICall::Landroid/content/pm/PackageManager$NameNotFoundException.<init>(),1
APICall::Landroid/content/pm/PackageManager$NameNotFoundException.toString(),1
APICall::Landroid/content/pm/PackageManager$PackageInfoFlags.of(),1
APICall::Landroid/content/pm/PackageManager.checkPermission(),1
APICall::Landroid/content/pm/PackageManager.getActivityIcon(),1
APICall::Landroid/content/pm/PackageManager.getActivityInfo(),1
APICall::Landroid/content/pm/PackageManager.getApplicationIcon(),1
APICall::Landroid/content/pm/PackageManager.getApplicationInfo(),1
APICall::Landroid/content/pm/PackageManager.getApplicationLabel(),1
APICall::Landroid/content/pm/PackageManager.getComponentEnabledSetting(),1
APICall::Landroid/content/pm/PackageManager.getDefaultActivityIcon(),1
APICall::Landroid/content/pm/PackageManager.getDrawable(),1
APICall::Landroid/content/pm/PackageManager.getPackageInfo(),1
APICall::Landroid/content/pm/PackageManager.getPackagesForUid(),1
APICall::Landroid/content/pm/PackageManager.getProviderInfo(),1
APICall::Landroid/content/pm/PackageManager.getResourcesForApplication(),1
APICall::Landroid/content/pm/PackageManager.getServiceInfo(),1
APICall::Landroid/content/pm/PackageManager.hasSigningCertificate(),1
APICall::Landroid/content/pm/PackageManager.hasSystemFeature(),1
APICall::Landroid/content/pm/PackageManager.isAutoRevokeWhitelisted(),1
APICall::Landroid/content/pm/PackageManager.queryBroadcastReceivers(),1
APICall::Landroid/content/pm/PackageManager.queryIntentActivities(),1
APICall::Landroid/content/pm/PackageManager.queryIntentActivityOptions(),1
APICall::Landroid/content/pm/PackageManager.queryIntentContentProviders(),1
APICall::Landroid/content/pm/PackageManager.queryIntentServices(),1
APICall::Landroid/content/pm/PackageManager.resolveActivity(),1
APICall::Landroid/content/pm/PackageManager.resolveContentProvider(),1
APICall::Landroid/content/pm/PackageManager.setComponentEnabledSetting(),1
APICall::Landroid/content/pm/PermissionInfo.getProtection(),1
APICall::Landroid/content/pm/PermissionInfo.getProtectionFlags(),1
APICall::Landroid/content/pm/ProviderInfo.loadXmlMetaData(),1
APICall::Landroid/content/pm/ResolveInfo.loadIcon(),1
APICall::Landroid/content/pm/ResolveInfo.loadLabel(),1
APICall::Landroid/content/pm/ResolveInfo.toString(),1
APICall::Landroid/content/pm/ShortcutInfo$Builder.<init>(),1
APICall::Landroid/content/pm/ShortcutInfo$Builder.build(),1
APICall::Landroid/content/pm/ShortcutInfo$Builder.setActivity(),1
APICall::Landroid/content/pm/ShortcutInfo$Builder.setCategories(),1
APICall::Landroid/content/pm/ShortcutInfo$Builder.setDisabledMessage(),1
APICall::Landroid/content/pm/ShortcutInfo$Builder.setExcludedFromSurfaces(),1
APICall::Landroid/content/pm/ShortcutInfo$Builder.setExtras(),1
APICall::Landroid/content/pm/ShortcutInfo$Builder.setIcon(),1
APICall::Landroid/content/pm/ShortcutInfo$Builder.setIntents(),1
APICall::Landroid/content/pm/ShortcutInfo$Builder.setLocusId(),1
APICall::Landroid/content/pm/ShortcutInfo$Builder.setLongLabel(),1
APICall::Landroid/content/pm/ShortcutInfo$Builder.setLongLived(),1
APICall::Landroid/content/pm/ShortcutInfo$Builder.setPersons(),1
APICall::Landroid/content/pm/ShortcutInfo$Builder.setRank(),1
APICall::Landroid/content/pm/ShortcutInfo$Builder.setShortLabel(),1
APICall::Landroid/content/pm/ShortcutInfo.getActivity(),1
APICall::Landroid/content/pm/ShortcutInfo.getCategories(),1
APICall::Landroid/content/pm/ShortcutInfo.getDisabledMessage(),1
APICall::Landroid/content/pm/ShortcutInfo.getDisabledReason(),1
APICall::Landroid/content/pm/ShortcutInfo.getExtras(),1
APICall::Landroid/content/pm/ShortcutInfo.getId(),1
APICall::Landroid/content/pm/ShortcutInfo.getIntents(),1
APICall::Landroid/content/pm/ShortcutInfo.getLastChangedTimestamp(),1
APICall::Landroid/content/pm/ShortcutInfo.getLocusId(),1
APICall::Landroid/content/pm/ShortcutInfo.getLongLabel(),1
APICall::Landroid/content/pm/ShortcutInfo.getPackage(),1
APICall::Landroid/content/pm/ShortcutInfo.getRank(),1
APICall::Landroid/content/pm/ShortcutInfo.getShortLabel(),1
APICall::Landroid/content/pm/ShortcutInfo.getUserHandle(),1
APICall::Landroid/content/pm/ShortcutInfo.hasKeyFieldsOnly(),1
APICall::Landroid/content/pm/ShortcutInfo.isCached(),1
APICall::Landroid/content/pm/ShortcutInfo.isDeclaredInManifest(),1
APICall::Landroid/content/pm/ShortcutInfo.isDynamic(),1
APICall::Landroid/content/pm/ShortcutInfo.isEnabled(),1
APICall::Landroid/content/pm/ShortcutInfo.isImmutable(),1
APICall::Landroid/content/pm/ShortcutInfo.isPinned(),1
APICall::Landroid/content/pm/ShortcutManager.addDynamicShortcuts(),1
APICall::Landroid/content/pm/ShortcutManager.createShortcutResultIntent(),1
APICall::Landroid/content/pm/ShortcutManager.disableShortcuts(),1
APICall::Landroid/content/pm/ShortcutManager.enableShortcuts(),1
APICall::Landroid/content/pm/ShortcutManager.getDynamicShortcuts(),1
APICall::Landroid/content/pm/ShortcutManager.getIconMaxHeight(),1
APICall::Landroid/content/pm/ShortcutManager.getIconMaxWidth(),1
APICall::Landroid/content/pm/ShortcutManager.getManifestShortcuts(),1
APICall::Landroid/content/pm/ShortcutManager.getMaxShortcutCountPerActivity(),1
APICall::Landroid/content/pm/ShortcutManager.getPinnedShortcuts(),1
APICall::Landroid/content/pm/ShortcutManager.getShortcuts(),1
APICall::Landroid/content/pm/ShortcutManager.isRateLimitingActive(),1
APICall::Landroid/content/pm/ShortcutManager.isRequestPinShortcutSupported(),1
APICall::Landroid/content/pm/ShortcutManager.pushDynamicShortcut(),1
APICall::Landroid/content/pm/ShortcutManager.removeAllDynamicShortcuts(),1
APICall::Landroid/content/pm/ShortcutManager.removeDynamicShortcuts(),1
APICall::Landroid/content/pm/ShortcutManager.removeLongLivedShortcuts(),1
APICall::Landroid/content/pm/ShortcutManager.reportShortcutUsed(),1
APICall::Landroid/content/pm/ShortcutManager.requestPinShortcut(),1
APICall::Landroid/content/pm/ShortcutManager.setDynamicShortcuts(),1
APICall::Landroid/content/pm/ShortcutManager.updateShortcuts(),1
APICall::Landroid/content/pm/Signature.<init>(),1
APICall::Landroid/content/pm/Signature.toByteArray(),1
APICall::Landroid/content/pm/SigningInfo.getApkContentsSigners(),1
APICall::Landroid/content/pm/SigningInfo.getSigningCertificateHistory(),1
APICall::Landroid/content/pm/SigningInfo.hasMultipleSigners(),1
APICall::Landroid/content/res/AssetFileDescriptor.close(),1
APICall::Landroid/content/res/AssetFileDescriptor.createInputStream(),1
APICall::Landroid/content/res/AssetFileDescriptor.getLength(),1
APICall::Landroid/content/res/AssetManager.open(),1
APICall::Landroid/content/res/AssetManager.openFd(),1
APICall::Landroid/content/res/ColorStateList.<init>(),1
APICall::Landroid/content/res/ColorStateList.getColorForState(),1
APICall::Landroid/content/res/ColorStateList.getDefaultColor(),1
APICall::Landroid/content/res/ColorStateList.isStateful(),1
APICall::Landroid/content/res/ColorStateList.valueOf(),1
APICall::Landroid/content/res/ColorStateList.withAlpha(),1
APICall::Landroid/content/res/Configuration.<init>(),1
APICall::Landroid/content/res/Configuration.diff(),1
APICall::Landroid/content/res/Configuration.equals(),1
APICall::Landroid/content/res/Configuration.getLayoutDirection(),1
APICall::Landroid/content/res/Configuration.getLocales(),1
APICall::Landroid/content/res/Configuration.setLocales(),1
APICall::Landroid/content/res/Configuration.setTo(),1
APICall::Landroid/content/res/Configuration.updateFrom(),1
APICall::Landroid/content/res/Resources$NotFoundException.<init>(),1
APICall::Landroid/content/res/Resources$NotFoundException.initCause(),1
APICall::Landroid/content/res/Resources$Theme.applyStyle(),1
APICall::Landroid/content/res/Resources$Theme.equals(),1
APICall::Landroid/content/res/Resources$Theme.getResources(),1
APICall::Landroid/content/res/Resources$Theme.hashCode(),1
APICall::Landroid/content/res/Resources$Theme.obtainStyledAttributes(),1
APICall::Landroid/content/res/Resources$Theme.rebase(),1
APICall::Landroid/content/res/Resources$Theme.resolveAttribute(),1
APICall::Landroid/content/res/Resources$Theme.setTo(),1
APICall::Landroid/content/res/Resources.<init>(),1
APICall::Landroid/content/res/Resources.addLoaders(),1
APICall::Landroid/content/res/Resources.getAnimation(),1
APICall::Landroid/content/res/Resources.getAssets(),1
APICall::Landroid/content/res/Resources.getBoolean(),1
APICall::Landroid/content/res/Resources.getColor(),1
APICall::Landroid/content/res/Resources.getColorStateList(),1
APICall::Landroid/content/res/Resources.getConfiguration(),1
APICall::Landroid/content/res/Resources.getDimension(),1
APICall::Landroid/content/res/Resources.getDimensionPixelOffset(),1
APICall::Landroid/content/res/Resources.getDimensionPixelSize(),1
APICall::Landroid/content/res/Resources.getDisplayMetrics(),1
APICall::Landroid/content/res/Resources.getDrawable(),1
APICall::Landroid/content/res/Resources.getDrawableForDensity(),1
APICall::Landroid/content/res/Resources.getFloat(),1
APICall::Landroid/content/res/Resources.getFraction(),1
APICall::Landroid/content/res/Resources.getIdentifier(),1
APICall::Landroid/content/res/Resources.getIntArray(),1
APICall::Landroid/content/res/Resources.getInteger(),1
APICall::Landroid/content/res/Resources.getLayout(),1
APICall::Landroid/content/res/Resources.getMovie(),1
APICall::Landroid/content/res/Resources.getQuantityString(),1
APICall::Landroid/content/res/Resources.getQuantityText(),1
APICall::Landroid/content/res/Resources.getResourceEntryName(),1
APICall::Landroid/content/res/Resources.getResourceName(),1
APICall::Landroid/content/res/Resources.getResourcePackageName(),1
APICall::Landroid/content/res/Resources.getResourceTypeName(),1
APICall::Landroid/content/res/Resources.getString(),1
APICall::Landroid/content/res/Resources.getStringArray(),1
APICall::Landroid/content/res/Resources.getSystem(),1
APICall::Landroid/content/res/Resources.getText(),1
APICall::Landroid/content/res/Resources.getTextArray(),1
APICall::Landroid/content/res/Resources.getValue(),1
APICall::Landroid/content/res/Resources.getValueForDensity(),1
APICall::Landroid/content/res/Resources.getXml(),1
APICall::Landroid/content/res/Resources.newTheme(),1
APICall::Landroid/content/res/Resources.obtainAttributes(),1
APICall::Landroid/content/res/Resources.obtainTypedArray(),1
APICall::Landroid/content/res/Resources.openRawResource(),1
APICall::Landroid/content/res/Resources.openRawResourceFd(),1
APICall::Landroid/content/res/Resources.parseBundleExtra(),1
APICall::Landroid/content/res/Resources.parseBundleExtras(),1
APICall::Landroid/content/res/Resources.updateConfiguration(),1
APICall::Landroid/content/res/TypedArray.getBoolean(),1
APICall::Landroid/content/res/TypedArray.getChangingConfigurations(),1
APICall::Landroid/content/res/TypedArray.getColor(),1
APICall::Landroid/content/res/TypedArray.getColorStateList(),1
APICall::Landroid/content/res/TypedArray.getDimension(),1
APICall::Landroid/content/res/TypedArray.getDimensionPixelOffset(),1
APICall::Landroid/content/res/TypedArray.getDimensionPixelSize(),1
APICall::Landroid/content/res/TypedArray.getDrawable(),1
APICall::Landroid/content/res/TypedArray.getFloat(),1
APICall::Landroid/content/res/TypedArray.getFont(),1
APICall::Landroid/content/res/TypedArray.getFraction(),1
APICall::Landroid/content/res/TypedArray.getIndex(),1
APICall::Landroid/content/res/TypedArray.getIndexCount(),1
APICall::Landroid/content/res/TypedArray.getInt(),1
APICall::Landroid/content/res/TypedArray.getInteger(),1
APICall::Landroid/content/res/TypedArray.getLayoutDimension(),1
APICall::Landroid/content/res/TypedArray.getNonResourceString(),1
APICall::Landroid/content/res/TypedArray.getPositionDescription(),1
APICall::Landroid/content/res/TypedArray.getResourceId(),1
APICall::Landroid/content/res/TypedArray.getResources(),1
APICall::Landroid/content/res/TypedArray.getString(),1
APICall::Landroid/content/res/TypedArray.getText(),1
APICall::Landroid/content/res/TypedArray.getTextArray(),1
APICall::Landroid/content/res/TypedArray.getType(),1
APICall::Landroid/content/res/TypedArray.getValue(),1
APICall::Landroid/content/res/TypedArray.hasValue(),1
APICall::Landroid/content/res/TypedArray.length(),1
APICall::Landroid/content/res/TypedArray.peekValue(),1
APICall::Landroid/content/res/TypedArray.recycle(),1
APICall::Landroid/content/res/XmlResourceParser.close(),1
APICall::Landroid/content/res/XmlResourceParser.getAttributeValue(),1
APICall::Landroid/content/res/XmlResourceParser.getName(),1
APICall::Landroid/content/res/XmlResourceParser.getPositionDescription(),1
APICall::Landroid/content/res/XmlResourceParser.next(),1
APICall::Landroid/content/res/loader/ResourcesLoader.<init>(),1
APICall::Landroid/content/res/loader/ResourcesLoader.addProvider(),1
APICall::Landroid/content/res/loader/ResourcesProvider.loadFromTable(),1
APICall::Landroid/database/ContentObserver.<init>(),1
APICall::Landroid/database/Cursor.close(),1
APICall::Landroid/database/Cursor.getBlob(),1
APICall::Landroid/database/Cursor.getColumnIndex(),1
APICall::Landroid/database/Cursor.getColumnIndexOrThrow(),1
APICall::Landroid/database/Cursor.getCount(),1
APICall::Landroid/database/Cursor.getDouble(),1
APICall::Landroid/database/Cursor.getExtras(),1
APICall::Landroid/database/Cursor.getFloat(),1
APICall::Landroid/database/Cursor.getInt(),1
APICall::Landroid/database/Cursor.getLong(),1
APICall::Landroid/database/Cursor.getPosition(),1
APICall::Landroid/database/Cursor.getShort(),1
APICall::Landroid/database/Cursor.getString(),1
APICall::Landroid/database/Cursor.isClosed(),1
APICall::Landroid/database/Cursor.isNull(),1
APICall::Landroid/database/Cursor.moveToNext(),1
APICall::Landroid/database/Cursor.moveToPosition(),1
APICall::Landroid/database/Cursor.registerContentObserver(),1
APICall::Landroid/database/Cursor.registerDataSetObserver(),1
APICall::Landroid/database/Cursor.requery(),1
APICall::Landroid/database/Cursor.unregisterContentObserver(),1
APICall::Landroid/database/Cursor.unregisterDataSetObserver(),1
APICall::Landroid/database/CursorWindow.<init>(),1
APICall::Landroid/database/DataSetObservable.<init>(),1
APICall::Landroid/database/DataSetObservable.notifyChanged(),1
APICall::Landroid/database/DataSetObservable.registerObserver(),1
APICall::Landroid/database/DataSetObservable.unregisterObserver(),1
APICall::Landroid/database/DataSetObserver.<init>(),1
APICall::Landroid/database/DataSetObserver.onChanged(),1
APICall::Landroid/database/DataSetObserver.onInvalidated(),1
APICall::Landroid/database/MatrixCursor.<init>(),1
APICall::Landroid/database/MatrixCursor.addRow(),1
APICall::Landroid/database/Observable.<init>(),1
APICall::Landroid/database/sqlite/SQLiteCursor.setFillWindowForwardOnly(),1
APICall::Landroid/database/sqlite/SQLiteDatabase.beginTransaction(),1
APICall::Landroid/database/sqlite/SQLiteDatabase.beginTransactionNonExclusive(),1
APICall::Landroid/database/sqlite/SQLiteDatabase.endTransaction(),1
APICall::Landroid/database/sqlite/SQLiteDatabase.setTransactionSuccessful(),1
APICall::Landroid/graphics/Bitmap.compress(),1
APICall::Landroid/graphics/Bitmap.copy(),1
APICall::Landroid/graphics/Bitmap.createBitmap(),1
APICall::Landroid/graphics/Bitmap.createScaledBitmap(),1
APICall::Landroid/graphics/Bitmap.eraseColor(),1
APICall::Landroid/graphics/Bitmap.getAllocationByteCount(),1
APICall::Landroid/graphics/Bitmap.getColorSpace(),1
APICall::Landroid/graphics/Bitmap.getConfig(),1
APICall::Landroid/graphics/Bitmap.getHardwareBuffer(),1
APICall::Landroid/graphics/Bitmap.getHeight(),1
APICall::Landroid/graphics/Bitmap.getPixel(),1
APICall::Landroid/graphics/Bitmap.getPixels(),1
APICall::Landroid/graphics/Bitmap.getScaledHeight(),1
APICall::Landroid/graphics/Bitmap.getScaledWidth(),1
APICall::Landroid/graphics/Bitmap.getWidth(),1
APICall::Landroid/graphics/Bitmap.hasAlpha(),1
APICall::Landroid/graphics/Bitmap.hasMipMap(),1
APICall::Landroid/graphics/Bitmap.isMutable(),1
APICall::Landroid/graphics/Bitmap.recycle(),1
APICall::Landroid/graphics/Bitmap.setHasMipMap(),1
APICall::Landroid/graphics/Bitmap.setPixel(),1
APICall::Landroid/graphics/BitmapFactory.decodeByteArray(),1
APICall::Landroid/graphics/BitmapFactory.decodeFile(),1
APICall::Landroid/graphics/BitmapFactory.decodeStream(),1
APICall::Landroid/graphics/BitmapShader.<init>(),1
APICall::Landroid/graphics/BitmapShader.setLocalMatrix(),1
APICall::Landroid/graphics/BlendModeColorFilter.<init>(),1
APICall::Landroid/graphics/Canvas.<init>(),1
APICall::Landroid/graphics/Canvas.clipOutRect(),1
APICall::Landroid/graphics/Canvas.clipPath(),1
APICall::Landroid/graphics/Canvas.clipRect(),1
APICall::Landroid/graphics/Canvas.concat(),1
APICall::Landroid/graphics/Canvas.disableZ(),1
APICall::Landroid/graphics/Canvas.drawArc(),1
APICall::Landroid/graphics/Canvas.drawBitmap(),1
APICall::Landroid/graphics/Canvas.drawCircle(),1
APICall::Landroid/graphics/Canvas.drawLine(),1
APICall::Landroid/graphics/Canvas.drawLines(),1
APICall::Landroid/graphics/Canvas.drawPath(),1
APICall::Landroid/graphics/Canvas.drawPoint(),1
APICall::Landroid/graphics/Canvas.drawRGB(),1
APICall::Landroid/graphics/Canvas.drawRect(),1
APICall::Landroid/graphics/Canvas.drawRoundRect(),1
APICall::Landroid/graphics/Canvas.drawText(),1
APICall::Landroid/graphics/Canvas.drawTextOnPath(),1
APICall::Landroid/graphics/Canvas.enableZ(),1
APICall::Landroid/graphics/Canvas.getClipBounds(),1
APICall::Landroid/graphics/Canvas.getDensity(),1
APICall::Landroid/graphics/Canvas.getHeight(),1
APICall::Landroid/graphics/Canvas.getMatrix(),1
APICall::Landroid/graphics/Canvas.getWidth(),1
APICall::Landroid/graphics/Canvas.restore(),1
APICall::Landroid/graphics/Canvas.restoreToCount(),1
APICall::Landroid/graphics/Canvas.rotate(),1
APICall::Landroid/graphics/Canvas.save(),1
APICall::Landroid/graphics/Canvas.saveLayerAlpha(),1
APICall::Landroid/graphics/Canvas.scale(),1
APICall::Landroid/graphics/Canvas.setBitmap(),1
APICall::Landroid/graphics/Canvas.setMatrix(),1
APICall::Landroid/graphics/Canvas.skew(),1
APICall::Landroid/graphics/Canvas.translate(),1
APICall::Landroid/graphics/Color.HSVToColor(),1
APICall::Landroid/graphics/Color.alpha(),1
APICall::Landroid/graphics/Color.argb(),1
APICall::Landroid/graphics/Color.blue(),1
APICall::Landroid/graphics/Color.colorSpace(),1
APICall::Landroid/graphics/Color.colorToHSV(),1
APICall::Landroid/graphics/Color.convert(),1
APICall::Landroid/graphics/Color.getColorSpace(),1
APICall::Landroid/graphics/Color.getComponent(),1
APICall::Landroid/graphics/Color.getComponentCount(),1
APICall::Landroid/graphics/Color.getComponents(),1
APICall::Landroid/graphics/Color.getModel(),1
APICall::Landroid/graphics/Color.green(),1
APICall::Landroid/graphics/Color.isSrgb(),1
APICall::Landroid/graphics/Color.isWideGamut(),1
APICall::Landroid/graphics/Color.luminance(),1
APICall::Landroid/graphics/Color.pack(),1
APICall::Landroid/graphics/Color.parseColor(),1
APICall::Landroid/graphics/Color.red(),1
APICall::Landroid/graphics/Color.rgb(),1
APICall::Landroid/graphics/Color.toArgb(),1
APICall::Landroid/graphics/Color.valueOf(),1
APICall::Landroid/graphics/ColorMatrix.<init>(),1
APICall::Landroid/graphics/ColorMatrix.postConcat(),1
APICall::Landroid/graphics/ColorMatrix.reset(),1
APICall::Landroid/graphics/ColorMatrix.set(),1
APICall::Landroid/graphics/ColorMatrix.setScale(),1
APICall::Landroid/graphics/ColorMatrixColorFilter.<init>(),1
APICall::Landroid/graphics/ColorSpace.equals(),1
APICall::Landroid/graphics/ColorSpace.get(),1
APICall::Landroid/graphics/DashPathEffect.<init>(),1
APICall::Landroid/graphics/ImageDecoder.decodeBitmap(),1
APICall::Landroid/graphics/ImageDecoder.decodeDrawable(),1
APICall::Landroid/graphics/Insets.of(),1
APICall::Landroid/graphics/LinearGradient.<init>(),1
APICall::Landroid/graphics/Matrix.<init>(),1
APICall::Landroid/graphics/Matrix.equals(),1
APICall::Landroid/graphics/Matrix.getValues(),1
APICall::Landroid/graphics/Matrix.invert(),1
APICall::Landroid/graphics/Matrix.isIdentity(),1
APICall::Landroid/graphics/Matrix.mapPoints(),1
APICall::Landroid/graphics/Matrix.mapRect(),1
APICall::Landroid/graphics/Matrix.mapVectors(),1
APICall::Landroid/graphics/Matrix.postConcat(),1
APICall::Landroid/graphics/Matrix.postRotate(),1
APICall::Landroid/graphics/Matrix.postScale(),1
APICall::Landroid/graphics/Matrix.postTranslate(),1
APICall::Landroid/graphics/Matrix.preConcat(),1
APICall::Landroid/graphics/Matrix.preRotate(),1
APICall::Landroid/graphics/Matrix.preScale(),1
APICall::Landroid/graphics/Matrix.preTranslate(),1
APICall::Landroid/graphics/Matrix.reset(),1
APICall::Landroid/graphics/Matrix.set(),1
APICall::Landroid/graphics/Matrix.setRectToRect(),1
APICall::Landroid/graphics/Matrix.setRotate(),1
APICall::Landroid/graphics/Matrix.setScale(),1
APICall::Landroid/graphics/Matrix.setSkew(),1
APICall::Landroid/graphics/Matrix.setTranslate(),1
APICall::Landroid/graphics/Matrix.setValues(),1
APICall::Landroid/graphics/Matrix.toString(),1
APICall::Landroid/graphics/Outline.setAlpha(),1
APICall::Landroid/graphics/Outline.setConvexPath(),1
APICall::Landroid/graphics/Outline.setPath(),1
APICall::Landroid/graphics/Outline.setRoundRect(),1
APICall::Landroid/graphics/Paint$FontMetrics.<init>(),1
APICall::Landroid/graphics/Paint$FontMetricsInt.<init>(),1
APICall::Landroid/graphics/Paint.<init>(),1
APICall::Landroid/graphics/Paint.clearShadowLayer(),1
APICall::Landroid/graphics/Paint.getAlpha(),1
APICall::Landroid/graphics/Paint.getColor(),1
APICall::Landroid/graphics/Paint.getColorFilter(),1
APICall::Landroid/graphics/Paint.getFontMetricsInt(),1
APICall::Landroid/graphics/Paint.getShader(),1
APICall::Landroid/graphics/Paint.getStrokeWidth(),1
APICall::Landroid/graphics/Paint.getTextBounds(),1
APICall::Landroid/graphics/Paint.getTextSize(),1
APICall::Landroid/graphics/Paint.getTypeface(),1
APICall::Landroid/graphics/Paint.hasGlyph(),1
APICall::Landroid/graphics/Paint.isAntiAlias(),1
APICall::Landroid/graphics/Paint.set(),1
APICall::Landroid/graphics/Paint.setARGB(),1
APICall::Landroid/graphics/Paint.setAlpha(),1
APICall::Landroid/graphics/Paint.setAntiAlias(),1
APICall::Landroid/graphics/Paint.setBlendMode(),1
APICall::Landroid/graphics/Paint.setColor(),1
APICall::Landroid/graphics/Paint.setColorFilter(),1
APICall::Landroid/graphics/Paint.setDither(),1
APICall::Landroid/graphics/Paint.setFilterBitmap(),1
APICall::Landroid/graphics/Paint.setPathEffect(),1
APICall::Landroid/graphics/Paint.setShader(),1
APICall::Landroid/graphics/Paint.setShadowLayer(),1
APICall::Landroid/graphics/Paint.setStrokeCap(),1
APICall::Landroid/graphics/Paint.setStrokeJoin(),1
APICall::Landroid/graphics/Paint.setStrokeMiter(),1
APICall::Landroid/graphics/Paint.setStrokeWidth(),1
APICall::Landroid/graphics/Paint.setStyle(),1
APICall::Landroid/graphics/Paint.setTextAlign(),1
APICall::Landroid/graphics/Paint.setTextSize(),1
APICall::Landroid/graphics/Paint.setTypeface(),1
APICall::Landroid/graphics/Paint.setXfermode(),1
APICall::Landroid/graphics/Path.<init>(),1
APICall::Landroid/graphics/Path.addPath(),1
APICall::Landroid/graphics/Path.addRect(),1
APICall::Landroid/graphics/Path.addRoundRect(),1
APICall::Landroid/graphics/Path.approximate(),1
APICall::Landroid/graphics/Path.arcTo(),1
APICall::Landroid/graphics/Path.close(),1
APICall::Landroid/graphics/Path.computeBounds(),1
APICall::Landroid/graphics/Path.cubicTo(),1
APICall::Landroid/graphics/Path.isConvex(),1
APICall::Landroid/graphics/Path.isEmpty(),1
APICall::Landroid/graphics/Path.lineTo(),1
APICall::Landroid/graphics/Path.moveTo(),1
APICall::Landroid/graphics/Path.op(),1
APICall::Landroid/graphics/Path.quadTo(),1
APICall::Landroid/graphics/Path.rCubicTo(),1
APICall::Landroid/graphics/Path.rLineTo(),1
APICall::Landroid/graphics/Path.rMoveTo(),1
APICall::Landroid/graphics/Path.rQuadTo(),1
APICall::Landroid/graphics/Path.reset(),1
APICall::Landroid/graphics/Path.rewind(),1
APICall::Landroid/graphics/Path.setFillType(),1
APICall::Landroid/graphics/Path.transform(),1
APICall::Landroid/graphics/PathMeasure.<init>(),1
APICall::Landroid/graphics/PathMeasure.getLength(),1
APICall::Landroid/graphics/PathMeasure.getPosTan(),1
APICall::Landroid/graphics/PathMeasure.getSegment(),1
APICall::Landroid/graphics/PathMeasure.nextContour(),1
APICall::Landroid/graphics/PathMeasure.setPath(),1
APICall::Landroid/graphics/Picture.<init>(),1
APICall::Landroid/graphics/Picture.beginRecording(),1
APICall::Landroid/graphics/Picture.endRecording(),1
APICall::Landroid/graphics/Point.<init>(),1
APICall::Landroid/graphics/Point.offset(),1
APICall::Landroid/graphics/Point.set(),1
APICall::Landroid/graphics/PointF.<init>(),1
APICall::Landroid/graphics/PointF.equals(),1
APICall::Landroid/graphics/PointF.hashCode(),1
APICall::Landroid/graphics/PointF.offset(),1
APICall::Landroid/graphics/PointF.set(),1
APICall::Landroid/graphics/PorterDuff$Mode.hashCode(),1
APICall::Landroid/graphics/PorterDuff$Mode.name(),1
APICall::Landroid/graphics/PorterDuff$Mode.valueOf(),1
APICall::Landroid/graphics/PorterDuffColorFilter.<init>(),1
APICall::Landroid/graphics/PorterDuffXfermode.<init>(),1
APICall::Landroid/graphics/RadialGradient.<init>(),1
APICall::Landroid/graphics/Rect.<init>(),1
APICall::Landroid/graphics/Rect.centerX(),1
APICall::Landroid/graphics/Rect.centerY(),1
APICall::Landroid/graphics/Rect.contains(),1
APICall::Landroid/graphics/Rect.equals(),1
APICall::Landroid/graphics/Rect.exactCenterX(),1
APICall::Landroid/graphics/Rect.exactCenterY(),1
APICall::Landroid/graphics/Rect.height(),1
APICall::Landroid/graphics/Rect.inset(),1
APICall::Landroid/graphics/Rect.intersect(),1
APICall::Landroid/graphics/Rect.isEmpty(),1
APICall::Landroid/graphics/Rect.offset(),1
APICall::Landroid/graphics/Rect.offsetTo(),1
APICall::Landroid/graphics/Rect.set(),1
APICall::Landroid/graphics/Rect.setEmpty(),1
APICall::Landroid/graphics/Rect.toShortString(),1
APICall::Landroid/graphics/Rect.union(),1
APICall::Landroid/graphics/Rect.width(),1
APICall::Landroid/graphics/RectF.<init>(),1
APICall::Landroid/graphics/RectF.centerX(),1
APICall::Landroid/graphics/RectF.centerY(),1
APICall::Landroid/graphics/RectF.contains(),1
APICall::Landroid/graphics/RectF.height(),1
APICall::Landroid/graphics/RectF.inset(),1
APICall::Landroid/graphics/RectF.intersect(),1
APICall::Landroid/graphics/RectF.intersects(),1
APICall::Landroid/graphics/RectF.isEmpty(),1
APICall::Landroid/graphics/RectF.offset(),1
APICall::Landroid/graphics/RectF.offsetTo(),1
APICall::Landroid/graphics/RectF.round(),1
APICall::Landroid/graphics/RectF.roundOut(),1
APICall::Landroid/graphics/RectF.set(),1
APICall::Landroid/graphics/RectF.setEmpty(),1
APICall::Landroid/graphics/RectF.union(),1
APICall::Landroid/graphics/RectF.width(),1
APICall::Landroid/graphics/Region.<init>(),1
APICall::Landroid/graphics/Region.contains(),1
APICall::Landroid/graphics/Region.getBounds(),1
APICall::Landroid/graphics/Region.op(),1
APICall::Landroid/graphics/Region.set(),1
APICall::Landroid/graphics/Region.setPath(),1
APICall::Landroid/graphics/Region.union(),1
APICall::Landroid/graphics/RegionIterator.<init>(),1
APICall::Landroid/graphics/RegionIterator.next(),1
APICall::Landroid/graphics/Shader.getLocalMatrix(),1
APICall::Landroid/graphics/Shader.setLocalMatrix(),1
APICall::Landroid/graphics/SweepGradient.<init>(),1
APICall::Landroid/graphics/Typeface$Builder.<init>(),1
APICall::Landroid/graphics/Typeface$Builder.build(),1
APICall::Landroid/graphics/Typeface$Builder.setItalic(),1
APICall::Landroid/graphics/Typeface$Builder.setWeight(),1
APICall::Landroid/graphics/Typeface$CustomFallbackBuilder.<init>(),1
APICall::Landroid/graphics/Typeface$CustomFallbackBuilder.build(),1
APICall::Landroid/graphics/Typeface$CustomFallbackBuilder.setStyle(),1
APICall::Landroid/graphics/Typeface.create(),1
APICall::Landroid/graphics/Typeface.createFromAsset(),1
APICall::Landroid/graphics/Typeface.createFromFile(),1
APICall::Landroid/graphics/Typeface.defaultFromStyle(),1
APICall::Landroid/graphics/Typeface.equals(),1
APICall::Landroid/graphics/Typeface.getStyle(),1
APICall::Landroid/graphics/Typeface.getWeight(),1
APICall::Landroid/graphics/Typeface.isItalic(),1
APICall::Landroid/graphics/drawable/AdaptiveIconDrawable.<init>(),1
APICall::Landroid/graphics/drawable/Animatable.start(),1
APICall::Landroid/graphics/drawable/Animatable.stop(),1
APICall::Landroid/graphics/drawable/Animatable2$AnimationCallback.<init>(),1
APICall::Landroid/graphics/drawable/AnimatedStateListDrawable.addTransition(),1
APICall::Landroid/graphics/drawable/AnimatedVectorDrawable.clearAnimationCallbacks(),1
APICall::Landroid/graphics/drawable/AnimatedVectorDrawable.isRunning(),1
APICall::Landroid/graphics/drawable/AnimatedVectorDrawable.registerAnimationCallback(),1
APICall::Landroid/graphics/drawable/AnimatedVectorDrawable.start(),1
APICall::Landroid/graphics/drawable/AnimatedVectorDrawable.stop(),1
APICall::Landroid/graphics/drawable/AnimatedVectorDrawable.unregisterAnimationCallback(),1
APICall::Landroid/graphics/drawable/AnimationDrawable.<init>(),1
APICall::Landroid/graphics/drawable/AnimationDrawable.addFrame(),1
APICall::Landroid/graphics/drawable/AnimationDrawable.getDuration(),1
APICall::Landroid/graphics/drawable/AnimationDrawable.getFrame(),1
APICall::Landroid/graphics/drawable/AnimationDrawable.getNumberOfFrames(),1
APICall::Landroid/graphics/drawable/AnimationDrawable.isOneShot(),1
APICall::Landroid/graphics/drawable/AnimationDrawable.setLevel(),1
APICall::Landroid/graphics/drawable/AnimationDrawable.setOneShot(),1
APICall::Landroid/graphics/drawable/BitmapDrawable.<init>(),1
APICall::Landroid/graphics/drawable/BitmapDrawable.getBitmap(),1
APICall::Landroid/graphics/drawable/BitmapDrawable.getPaint(),1
APICall::Landroid/graphics/drawable/BitmapDrawable.setTileModeX(),1
APICall::Landroid/graphics/drawable/ClipDrawable.<init>(),1
APICall::Landroid/graphics/drawable/ColorDrawable.<init>(),1
APICall::Landroid/graphics/drawable/ColorDrawable.getColor(),1
APICall::Landroid/graphics/drawable/ColorDrawable.setColor(),1
APICall::Landroid/graphics/drawable/ColorStateListDrawable.getColorStateList(),1
APICall::Landroid/graphics/drawable/Drawable$Callback.invalidateDrawable(),1
APICall::Landroid/graphics/drawable/Drawable$Callback.scheduleDrawable(),1
APICall::Landroid/graphics/drawable/Drawable$Callback.unscheduleDrawable(),1
APICall::Landroid/graphics/drawable/Drawable$ConstantState.<init>(),1
APICall::Landroid/graphics/drawable/Drawable$ConstantState.canApplyTheme(),1
APICall::Landroid/graphics/drawable/Drawable$ConstantState.getChangingConfigurations(),1
APICall::Landroid/graphics/drawable/Drawable$ConstantState.newDrawable(),1
APICall::Landroid/graphics/drawable/Drawable.<init>(),1
APICall::Landroid/graphics/drawable/Drawable.applyTheme(),1
APICall::Landroid/graphics/drawable/Drawable.canApplyTheme(),1
APICall::Landroid/graphics/drawable/Drawable.clearColorFilter(),1
APICall::Landroid/graphics/drawable/Drawable.copyBounds(),1
APICall::Landroid/graphics/drawable/Drawable.createFromStream(),1
APICall::Landroid/graphics/drawable/Drawable.createFromXmlInner(),1
APICall::Landroid/graphics/drawable/Drawable.draw(),1
APICall::Landroid/graphics/drawable/Drawable.getAlpha(),1
APICall::Landroid/graphics/drawable/Drawable.getBounds(),1
APICall::Landroid/graphics/drawable/Drawable.getCallback(),1
APICall::Landroid/graphics/drawable/Drawable.getChangingConfigurations(),1
APICall::Landroid/graphics/drawable/Drawable.getColorFilter(),1
APICall::Landroid/graphics/drawable/Drawable.getConstantState(),1
APICall::Landroid/graphics/drawable/Drawable.getCurrent(),1
APICall::Landroid/graphics/drawable/Drawable.getDirtyBounds(),1
APICall::Landroid/graphics/drawable/Drawable.getHotspotBounds(),1
APICall::Landroid/graphics/drawable/Drawable.getIntrinsicHeight(),1
APICall::Landroid/graphics/drawable/Drawable.getIntrinsicWidth(),1
APICall::Landroid/graphics/drawable/Drawable.getLayoutDirection(),1
APICall::Landroid/graphics/drawable/Drawable.getLevel(),1
APICall::Landroid/graphics/drawable/Drawable.getMinimumHeight(),1
APICall::Landroid/graphics/drawable/Drawable.getMinimumWidth(),1
APICall::Landroid/graphics/drawable/Drawable.getOpacity(),1
APICall::Landroid/graphics/drawable/Drawable.getOpticalInsets(),1
APICall::Landroid/graphics/drawable/Drawable.getOutline(),1
APICall::Landroid/graphics/drawable/Drawable.getPadding(),1
APICall::Landroid/graphics/drawable/Drawable.getState(),1
APICall::Landroid/graphics/drawable/Drawable.getTransparentRegion(),1
APICall::Landroid/graphics/drawable/Drawable.inflate(),1
APICall::Landroid/graphics/drawable/Drawable.invalidateSelf(),1
APICall::Landroid/graphics/drawable/Drawable.isAutoMirrored(),1
APICall::Landroid/graphics/drawable/Drawable.isStateful(),1
APICall::Landroid/graphics/drawable/Drawable.isVisible(),1
APICall::Landroid/graphics/drawable/Drawable.jumpToCurrentState(),1
APICall::Landroid/graphics/drawable/Drawable.mutate(),1
APICall::Landroid/graphics/drawable/Drawable.onBoundsChange(),1
APICall::Landroid/graphics/drawable/Drawable.onLevelChange(),1
APICall::Landroid/graphics/drawable/Drawable.onStateChange(),1
APICall::Landroid/graphics/drawable/Drawable.resolveOpacity(),1
APICall::Landroid/graphics/drawable/Drawable.scheduleSelf(),1
APICall::Landroid/graphics/drawable/Drawable.setAlpha(),1
APICall::Landroid/graphics/drawable/Drawable.setAutoMirrored(),1
APICall::Landroid/graphics/drawable/Drawable.setBounds(),1
APICall::Landroid/graphics/drawable/Drawable.setCallback(),1
APICall::Landroid/graphics/drawable/Drawable.setChangingConfigurations(),1
APICall::Landroid/graphics/drawable/Drawable.setColorFilter(),1
APICall::Landroid/graphics/drawable/Drawable.setDither(),1
APICall::Landroid/graphics/drawable/Drawable.setFilterBitmap(),1
APICall::Landroid/graphics/drawable/Drawable.setHotspot(),1
APICall::Landroid/graphics/drawable/Drawable.setHotspotBounds(),1
APICall::Landroid/graphics/drawable/Drawable.setLayoutDirection(),1
APICall::Landroid/graphics/drawable/Drawable.setLevel(),1
APICall::Landroid/graphics/drawable/Drawable.setState(),1
APICall::Landroid/graphics/drawable/Drawable.setTint(),1
APICall::Landroid/graphics/drawable/Drawable.setTintList(),1
APICall::Landroid/graphics/drawable/Drawable.setTintMode(),1
APICall::Landroid/graphics/drawable/Drawable.setVisible(),1
APICall::Landroid/graphics/drawable/Drawable.unscheduleSelf(),1
APICall::Landroid/graphics/drawable/GradientDrawable.<init>(),1
APICall::Landroid/graphics/drawable/GradientDrawable.setColor(),1
APICall::Landroid/graphics/drawable/GradientDrawable.setCornerRadius(),1
APICall::Landroid/graphics/drawable/GradientDrawable.setShape(),1
APICall::Landroid/graphics/drawable/Icon.createWithAdaptiveBitmap(),1
APICall::Landroid/graphics/drawable/Icon.createWithAdaptiveBitmapContentUri(),1
APICall::Landroid/graphics/drawable/Icon.createWithBitmap(),1
APICall::Landroid/graphics/drawable/Icon.createWithContentUri(),1
APICall::Landroid/graphics/drawable/Icon.createWithData(),1
APICall::Landroid/graphics/drawable/Icon.createWithResource(),1
APICall::Landroid/graphics/drawable/Icon.getResId(),1
APICall::Landroid/graphics/drawable/Icon.getResPackage(),1
APICall::Landroid/graphics/drawable/Icon.getType(),1
APICall::Landroid/graphics/drawable/Icon.getUri(),1
APICall::Landroid/graphics/drawable/Icon.loadDrawable(),1
APICall::Landroid/graphics/drawable/Icon.setTintList(),1
APICall::Landroid/graphics/drawable/Icon.setTintMode(),1
APICall::Landroid/graphics/drawable/InsetDrawable.<init>(),1
APICall::Landroid/graphics/drawable/InsetDrawable.getDrawable(),1
APICall::Landroid/graphics/drawable/InsetDrawable.getPadding(),1
APICall::Landroid/graphics/drawable/InsetDrawable.setDrawable(),1
APICall::Landroid/graphics/drawable/LayerDrawable.<init>(),1
APICall::Landroid/graphics/drawable/LayerDrawable.findDrawableByLayerId(),1
APICall::Landroid/graphics/drawable/LayerDrawable.getDrawable(),1
APICall::Landroid/graphics/drawable/LayerDrawable.getId(),1
APICall::Landroid/graphics/drawable/LayerDrawable.getLayerGravity(),1
APICall::Landroid/graphics/drawable/LayerDrawable.getLayerHeight(),1
APICall::Landroid/graphics/drawable/LayerDrawable.getLayerInsetBottom(),1
APICall::Landroid/graphics/drawable/LayerDrawable.getLayerInsetEnd(),1
APICall::Landroid/graphics/drawable/LayerDrawable.getLayerInsetLeft(),1
APICall::Landroid/graphics/drawable/LayerDrawable.getLayerInsetRight(),1
APICall::Landroid/graphics/drawable/LayerDrawable.getLayerInsetStart(),1
APICall::Landroid/graphics/drawable/LayerDrawable.getLayerInsetTop(),1
APICall::Landroid/graphics/drawable/LayerDrawable.getLayerWidth(),1
APICall::Landroid/graphics/drawable/LayerDrawable.getNumberOfLayers(),1
APICall::Landroid/graphics/drawable/LayerDrawable.setDrawableByLayerId(),1
APICall::Landroid/graphics/drawable/LayerDrawable.setId(),1
APICall::Landroid/graphics/drawable/LayerDrawable.setLayerGravity(),1
APICall::Landroid/graphics/drawable/LayerDrawable.setLayerHeight(),1
APICall::Landroid/graphics/drawable/LayerDrawable.setLayerInset(),1
APICall::Landroid/graphics/drawable/LayerDrawable.setLayerInsetBottom(),1
APICall::Landroid/graphics/drawable/LayerDrawable.setLayerInsetEnd(),1
APICall::Landroid/graphics/drawable/LayerDrawable.setLayerInsetLeft(),1
APICall::Landroid/graphics/drawable/LayerDrawable.setLayerInsetRight(),1
APICall::Landroid/graphics/drawable/LayerDrawable.setLayerInsetStart(),1
APICall::Landroid/graphics/drawable/LayerDrawable.setLayerInsetTop(),1
APICall::Landroid/graphics/drawable/LayerDrawable.setLayerSize(),1
APICall::Landroid/graphics/drawable/LayerDrawable.setLayerWidth(),1
APICall::Landroid/graphics/drawable/RippleDrawable.<init>(),1
APICall::Landroid/graphics/drawable/RippleDrawable.getConstantState(),1
APICall::Landroid/graphics/drawable/RippleDrawable.setColor(),1
APICall::Landroid/graphics/drawable/RippleDrawable.setRadius(),1
APICall::Landroid/graphics/drawable/ShapeDrawable.<init>(),1
APICall::Landroid/graphics/drawable/ShapeDrawable.getPaint(),1
APICall::Landroid/graphics/drawable/ShapeDrawable.setTint(),1
APICall::Landroid/graphics/drawable/StateListDrawable.<init>(),1
APICall::Landroid/graphics/drawable/StateListDrawable.addState(),1
APICall::Landroid/graphics/drawable/StateListDrawable.draw(),1
APICall::Landroid/graphics/drawable/StateListDrawable.getIntrinsicWidth(),1
APICall::Landroid/graphics/drawable/StateListDrawable.setAlpha(),1
APICall::Landroid/graphics/drawable/StateListDrawable.setBounds(),1
APICall::Landroid/graphics/drawable/StateListDrawable.setState(),1
APICall::Landroid/graphics/drawable/shapes/OvalShape.<init>(),1
APICall::Landroid/graphics/drawable/shapes/PathShape.<init>(),1
APICall::Landroid/graphics/drawable/shapes/RoundRectShape.<init>(),1
APICall::Landroid/graphics/fonts/Font$Builder.<init>(),1
APICall::Landroid/graphics/fonts/Font$Builder.build(),1
APICall::Landroid/graphics/fonts/Font$Builder.setFontVariationSettings(),1
APICall::Landroid/graphics/fonts/Font$Builder.setSlant(),1
APICall::Landroid/graphics/fonts/Font$Builder.setTtcIndex(),1
APICall::Landroid/graphics/fonts/Font$Builder.setWeight(),1
APICall::Landroid/graphics/fonts/Font.getStyle(),1
APICall::Landroid/graphics/fonts/FontFamily$Builder.<init>(),1
APICall::Landroid/graphics/fonts/FontFamily$Builder.addFont(),1
APICall::Landroid/graphics/fonts/FontFamily$Builder.build(),1
APICall::Landroid/graphics/fonts/FontFamily.getFont(),1
APICall::Landroid/graphics/fonts/FontFamily.getSize(),1
APICall::Landroid/graphics/fonts/FontStyle.<init>(),1
APICall::Landroid/graphics/fonts/FontStyle.getSlant(),1
APICall::Landroid/graphics/fonts/FontStyle.getWeight(),1
APICall::Landroid/graphics/fonts/FontVariationAxis.fromFontVariationSettings(),1
APICall::Landroid/hardware/HardwareBuffer.getFormat(),1
APICall::Landroid/hardware/display/DisplayManager.getDisplay(),1
APICall::Landroid/hardware/display/DisplayManager.getDisplays(),1
APICall::Landroid/hardware/fingerprint/FingerprintManager$AuthenticationCallback.<init>(),1
APICall::Landroid/hardware/fingerprint/FingerprintManager$AuthenticationResult.getCryptoObject(),1
APICall::Landroid/hardware/fingerprint/FingerprintManager$CryptoObject.<init>(),1
APICall::Landroid/hardware/fingerprint/FingerprintManager$CryptoObject.getCipher(),1
APICall::Landroid/hardware/fingerprint/FingerprintManager$CryptoObject.getMac(),1
APICall::Landroid/hardware/fingerprint/FingerprintManager$CryptoObject.getSignature(),1
APICall::Landroid/hardware/fingerprint/FingerprintManager.authenticate(),1
APICall::Landroid/hardware/fingerprint/FingerprintManager.hasEnrolledFingerprints(),1
APICall::Landroid/hardware/fingerprint/FingerprintManager.isHardwareDetected(),1
APICall::Landroid/icu/number/FormattedNumber.getOutputUnit(),1
APICall::Landroid/icu/number/LocalizedNumberFormatter.format(),1
APICall::Landroid/icu/number/NumberFormatter.with(),1
APICall::Landroid/icu/number/UnlocalizedNumberFormatter.locale(),1
APICall::Landroid/icu/number/UnlocalizedNumberFormatter.unit(),1
APICall::Landroid/icu/number/UnlocalizedNumberFormatter.usage(),1
APICall::Landroid/icu/text/DateFormat$HourCycle.ordinal(),1
APICall::Landroid/icu/text/DateFormat$HourCycle.values(),1
APICall::Landroid/icu/text/DateFormat.format(),1
APICall::Landroid/icu/text/DateFormat.getInstanceForSkeleton(),1
APICall::Landroid/icu/text/DateFormat.setContext(),1
APICall::Landroid/icu/text/DateFormat.setTimeZone(),1
APICall::Landroid/icu/text/DateTimePatternGenerator.getDefaultHourCycle(),1
APICall::Landroid/icu/text/DateTimePatternGenerator.getInstance(),1
APICall::Landroid/icu/text/DecimalFormatSymbols.getDigitStrings(),1
APICall::Landroid/icu/text/DecimalFormatSymbols.getInstance(),1
APICall::Landroid/icu/util/Calendar.getInstance(),1
APICall::Landroid/icu/util/Calendar.getType(),1
APICall::Landroid/icu/util/MeasureUnit.getIdentifier(),1
APICall::Landroid/icu/util/TimeZone.getTimeZone(),1
APICall::Landroid/icu/util/ULocale.addLikelySubtags(),1
APICall::Landroid/icu/util/ULocale.forLocale(),1
APICall::Landroid/icu/util/ULocale.getScript(),1
APICall::Landroid/location/GnssMeasurementsEvent$Callback.<init>(),1
APICall::Landroid/location/GnssMeasurementsEvent$Callback.onGnssMeasurementsReceived(),1
APICall::Landroid/location/GnssMeasurementsEvent$Callback.onStatusChanged(),1
APICall::Landroid/location/GnssStatus$Callback.<init>(),1
APICall::Landroid/location/GnssStatus.equals(),1
APICall::Landroid/location/GnssStatus.getAzimuthDegrees(),1
APICall::Landroid/location/GnssStatus.getBasebandCn0DbHz(),1
APICall::Landroid/location/GnssStatus.getCarrierFrequencyHz(),1
APICall::Landroid/location/GnssStatus.getCn0DbHz(),1
APICall::Landroid/location/GnssStatus.getConstellationType(),1
APICall::Landroid/location/GnssStatus.getElevationDegrees(),1
APICall::Landroid/location/GnssStatus.getSatelliteCount(),1
APICall::Landroid/location/GnssStatus.getSvid(),1
APICall::Landroid/location/GnssStatus.hasAlmanacData(),1
APICall::Landroid/location/GnssStatus.hasBasebandCn0DbHz(),1
APICall::Landroid/location/GnssStatus.hasCarrierFrequencyHz(),1
APICall::Landroid/location/GnssStatus.hasEphemerisData(),1
APICall::Landroid/location/GnssStatus.hashCode(),1
APICall::Landroid/location/GnssStatus.usedInFix(),1
APICall::Landroid/location/GpsSatellite.getAzimuth(),1
APICall::Landroid/location/GpsSatellite.getElevation(),1
APICall::Landroid/location/GpsSatellite.getPrn(),1
APICall::Landroid/location/GpsSatellite.getSnr(),1
APICall::Landroid/location/GpsSatellite.hasAlmanac(),1
APICall::Landroid/location/GpsSatellite.hasEphemeris(),1
APICall::Landroid/location/GpsSatellite.usedInFix(),1
APICall::Landroid/location/GpsStatus.getSatellites(),1
APICall::Landroid/location/GpsStatus.getTimeToFirstFix(),1
APICall::Landroid/location/Location.getAccuracy(),1
APICall::Landroid/location/Location.getAltitude(),1
APICall::Landroid/location/Location.getBearing(),1
APICall::Landroid/location/Location.getBearingAccuracyDegrees(),1
APICall::Landroid/location/Location.getElapsedRealtimeNanos(),1
APICall::Landroid/location/Location.getElapsedRealtimeUncertaintyNanos(),1
APICall::Landroid/location/Location.getExtras(),1
APICall::Landroid/location/Location.getLatitude(),1
APICall::Landroid/location/Location.getLongitude(),1
APICall::Landroid/location/Location.getMslAltitudeAccuracyMeters(),1
APICall::Landroid/location/Location.getMslAltitudeMeters(),1
APICall::Landroid/location/Location.getProvider(),1
APICall::Landroid/location/Location.getSpeed(),1
APICall::Landroid/location/Location.getSpeedAccuracyMetersPerSecond(),1
APICall::Landroid/location/Location.getTime(),1
APICall::Landroid/location/Location.getVerticalAccuracyMeters(),1
APICall::Landroid/location/Location.hasAccuracy(),1
APICall::Landroid/location/Location.hasAltitude(),1
APICall::Landroid/location/Location.hasBearing(),1
APICall::Landroid/location/Location.hasBearingAccuracy(),1
APICall::Landroid/location/Location.hasMslAltitude(),1
APICall::Landroid/location/Location.hasMslAltitudeAccuracy(),1
APICall::Landroid/location/Location.hasSpeed(),1
APICall::Landroid/location/Location.hasSpeedAccuracy(),1
APICall::Landroid/location/Location.hasVerticalAccuracy(),1
APICall::Landroid/location/Location.isFromMockProvider(),1
APICall::Landroid/location/Location.removeBearingAccuracy(),1
APICall::Landroid/location/Location.removeMslAltitude(),1
APICall::Landroid/location/Location.removeMslAltitudeAccuracy(),1
APICall::Landroid/location/Location.removeSpeedAccuracy(),1
APICall::Landroid/location/Location.removeVerticalAccuracy(),1
APICall::Landroid/location/Location.reset(),1
APICall::Landroid/location/Location.setAccuracy(),1
APICall::Landroid/location/Location.setAltitude(),1
APICall::Landroid/location/Location.setBearing(),1
APICall::Landroid/location/Location.setBearingAccuracyDegrees(),1
APICall::Landroid/location/Location.setElapsedRealtimeNanos(),1
APICall::Landroid/location/Location.setElapsedRealtimeUncertaintyNanos(),1
APICall::Landroid/location/Location.setExtras(),1
APICall::Landroid/location/Location.setLatitude(),1
APICall::Landroid/location/Location.setLongitude(),1
APICall::Landroid/location/Location.setMslAltitudeAccuracyMeters(),1
APICall::Landroid/location/Location.setMslAltitudeMeters(),1
APICall::Landroid/location/Location.setProvider(),1
APICall::Landroid/location/Location.setSpeed(),1
APICall::Landroid/location/Location.setSpeedAccuracyMetersPerSecond(),1
APICall::Landroid/location/Location.setTime(),1
APICall::Landroid/location/Location.setVerticalAccuracyMeters(),1
APICall::Landroid/location/LocationManager.addGpsStatusListener(),1
APICall::Landroid/location/LocationManager.getAllProviders(),1
APICall::Landroid/location/LocationManager.getCurrentLocation(),1
APICall::Landroid/location/LocationManager.getGnssHardwareModelName(),1
APICall::Landroid/location/LocationManager.getGnssYearOfHardware(),1
APICall::Landroid/location/LocationManager.getGpsStatus(),1
APICall::Landroid/location/LocationManager.getLastKnownLocation(),1
APICall::Landroid/location/LocationManager.getProvider(),1
APICall::Landroid/location/LocationManager.hasProvider(),1
APICall::Landroid/location/LocationManager.isLocationEnabled(),1
APICall::Landroid/location/LocationManager.isProviderEnabled(),1
APICall::Landroid/location/LocationManager.registerGnssMeasurementsCallback(),1
APICall::Landroid/location/LocationManager.registerGnssStatusCallback(),1
APICall::Landroid/location/LocationManager.removeUpdates(),1
APICall::Landroid/location/LocationManager.requestLocationUpdates(),1
APICall::Landroid/location/LocationManager.unregisterGnssMeasurementsCallback(),1
APICall::Landroid/location/LocationManager.unregisterGnssStatusCallback(),1
APICall::Landroid/location/LocationRequest$Builder.<init>(),1
APICall::Landroid/location/LocationRequest$Builder.build(),1
APICall::Landroid/location/LocationRequest$Builder.setDurationMillis(),1
APICall::Landroid/location/LocationRequest$Builder.setMaxUpdateDelayMillis(),1
APICall::Landroid/location/LocationRequest$Builder.setMaxUpdates(),1
APICall::Landroid/location/LocationRequest$Builder.setMinUpdateDistanceMeters(),1
APICall::Landroid/location/LocationRequest$Builder.setMinUpdateIntervalMillis(),1
APICall::Landroid/location/LocationRequest$Builder.setQuality(),1
APICall::Landroid/media/AudioAttributes$Builder.<init>(),1
APICall::Landroid/media/AudioAttributes$Builder.build(),1
APICall::Landroid/media/AudioAttributes$Builder.setContentType(),1
APICall::Landroid/media/AudioAttributes$Builder.setLegacyStreamType(),1
APICall::Landroid/media/AudioAttributes$Builder.setUsage(),1
APICall::Landroid/media/AudioManager.playSoundEffect(),1
APICall::Landroid/net/ConnectivityManager.getNetworkInfo(),1
APICall::Landroid/net/ConnectivityManager.getRestrictBackgroundStatus(),1
APICall::Landroid/net/ConnectivityManager.isActiveNetworkMetered(),1
APICall::Landroid/net/NetworkInfo.getType(),1
APICall::Landroid/net/TrafficStats.clearThreadStatsTag(),1
APICall::Landroid/net/TrafficStats.getThreadStatsTag(),1
APICall::Landroid/net/TrafficStats.incrementOperationCount(),1
APICall::Landroid/net/TrafficStats.setThreadStatsTag(),1
APICall::Landroid/net/TrafficStats.tagDatagramSocket(),1
APICall::Landroid/net/TrafficStats.tagSocket(),1
APICall::Landroid/net/TrafficStats.untagDatagramSocket(),1
APICall::Landroid/net/TrafficStats.untagSocket(),1
APICall::Landroid/net/Uri$Builder.<init>(),1
APICall::Landroid/net/Uri$Builder.appendEncodedPath(),1
APICall::Landroid/net/Uri$Builder.appendPath(),1
APICall::Landroid/net/Uri$Builder.appendQueryParameter(),1
APICall::Landroid/net/Uri$Builder.authority(),1
APICall::Landroid/net/Uri$Builder.build(),1
APICall::Landroid/net/Uri$Builder.encodedPath(),1
APICall::Landroid/net/Uri$Builder.fragment(),1
APICall::Landroid/net/Uri$Builder.query(),1
APICall::Landroid/net/Uri$Builder.scheme(),1
APICall::Landroid/net/Uri.buildUpon(),1
APICall::Landroid/net/Uri.decode(),1
APICall::Landroid/net/Uri.encode(),1
APICall::Landroid/net/Uri.fromFile(),1
APICall::Landroid/net/Uri.fromParts(),1
APICall::Landroid/net/Uri.getAuthority(),1
APICall::Landroid/net/Uri.getEncodedPath(),1
APICall::Landroid/net/Uri.getHost(),1
APICall::Landroid/net/Uri.getPath(),1
APICall::Landroid/net/Uri.getPathSegments(),1
APICall::Landroid/net/Uri.getPort(),1
APICall::Landroid/net/Uri.getQueryParameter(),1
APICall::Landroid/net/Uri.getScheme(),1
APICall::Landroid/net/Uri.getSchemeSpecificPart(),1
APICall::Landroid/net/Uri.parse(),1
APICall::Landroid/net/Uri.toString(),1
APICall::Landroid/net/http/X509TrustManagerExtensions.<init>(),1
APICall::Landroid/net/http/X509TrustManagerExtensions.checkServerTrusted(),1
APICall::Landroid/net/nsd/NsdManager.discoverServices(),1
APICall::Landroid/net/nsd/NsdManager.resolveService(),1
APICall::Landroid/net/nsd/NsdManager.stopServiceDiscovery(),1
APICall::Landroid/net/nsd/NsdServiceInfo.getHost(),1
APICall::Landroid/net/nsd/NsdServiceInfo.getPort(),1
APICall::Landroid/net/nsd/NsdServiceInfo.getServiceName(),1
APICall::Landroid/net/nsd/NsdServiceInfo.getServiceType(),1
APICall::Landroid/net/ssl/SSLSockets.isSupportedSocket(),1
APICall::Landroid/net/ssl/SSLSockets.setUseSessionTickets(),1
APICall::Landroid/nfc/NdefMessage.getRecords(),1
APICall::Landroid/nfc/NdefRecord.getPayload(),1
APICall::Landroid/nfc/NdefRecord.getTnf(),1
APICall::Landroid/nfc/NdefRecord.getType(),1
APICall::Landroid/nfc/NfcAdapter.disableForegroundDispatch(),1
APICall::Landroid/nfc/NfcAdapter.enableForegroundDispatch(),1
APICall::Landroid/nfc/NfcAdapter.getDefaultAdapter(),1
APICall::Landroid/nfc/NfcAdapter.isEnabled(),1
APICall::Landroid/nfc/tech/Ndef.get(),1
APICall::Landroid/nfc/tech/Ndef.getCachedNdefMessage(),1
APICall::Landroid/os/AsyncTask.<init>(),1
APICall::Landroid/os/BadParcelableException.<init>(),1
APICall::Landroid/os/Binder.<init>(),1
APICall::Landroid/os/Binder.flushPendingCommands(),1
APICall::Landroid/os/Binder.getCallingPid(),1
APICall::Landroid/os/Binder.getCallingUid(),1
APICall::Landroid/os/Binder.onTransact(),1
APICall::Landroid/os/Bundle.<init>(),1
APICall::Landroid/os/Bundle.containsKey(),1
APICall::Landroid/os/Bundle.get(),1
APICall::Landroid/os/Bundle.getBinder(),1
APICall::Landroid/os/Bundle.getBoolean(),1
APICall::Landroid/os/Bundle.getBundle(),1
APICall::Landroid/os/Bundle.getByteArray(),1
APICall::Landroid/os/Bundle.getCharSequence(),1
APICall::Landroid/os/Bundle.getCharSequenceArray(),1
APICall::Landroid/os/Bundle.getClassLoader(),1
APICall::Landroid/os/Bundle.getDouble(),1
APICall::Landroid/os/Bundle.getFloat(),1
APICall::Landroid/os/Bundle.getFloatArray(),1
APICall::Landroid/os/Bundle.getInt(),1
APICall::Landroid/os/Bundle.getIntegerArrayList(),1
APICall::Landroid/os/Bundle.getLong(),1
APICall::Landroid/os/Bundle.getParcelable(),1
APICall::Landroid/os/Bundle.getParcelableArray(),1
APICall::Landroid/os/Bundle.getParcelableArrayList(),1
APICall::Landroid/os/Bundle.getSerializable(),1
APICall::Landroid/os/Bundle.getSparseParcelableArray(),1
APICall::Landroid/os/Bundle.getString(),1
APICall::Landroid/os/Bundle.getStringArray(),1
APICall::Landroid/os/Bundle.getStringArrayList(),1
APICall::Landroid/os/Bundle.isEmpty(),1
APICall::Landroid/os/Bundle.keySet(),1
APICall::Landroid/os/Bundle.putAll(),1
APICall::Landroid/os/Bundle.putBinder(),1
APICall::Landroid/os/Bundle.putBoolean(),1
APICall::Landroid/os/Bundle.putBooleanArray(),1
APICall::Landroid/os/Bundle.putBundle(),1
APICall::Landroid/os/Bundle.putByte(),1
APICall::Landroid/os/Bundle.putByteArray(),1
APICall::Landroid/os/Bundle.putChar(),1
APICall::Landroid/os/Bundle.putCharArray(),1
APICall::Landroid/os/Bundle.putCharSequence(),1
APICall::Landroid/os/Bundle.putCharSequenceArray(),1
APICall::Landroid/os/Bundle.putDouble(),1
APICall::Landroid/os/Bundle.putDoubleArray(),1
APICall::Landroid/os/Bundle.putFloat(),1
APICall::Landroid/os/Bundle.putFloatArray(),1
APICall::Landroid/os/Bundle.putInt(),1
APICall::Landroid/os/Bundle.putIntArray(),1
APICall::Landroid/os/Bundle.putIntegerArrayList(),1
APICall::Landroid/os/Bundle.putLong(),1
APICall::Landroid/os/Bundle.putLongArray(),1
APICall::Landroid/os/Bundle.putParcelable(),1
APICall::Landroid/os/Bundle.putParcelableArray(),1
APICall::Landroid/os/Bundle.putParcelableArrayList(),1
APICall::Landroid/os/Bundle.putSerializable(),1
APICall::Landroid/os/Bundle.putShort(),1
APICall::Landroid/os/Bundle.putShortArray(),1
APICall::Landroid/os/Bundle.putSize(),1
APICall::Landroid/os/Bundle.putSizeF(),1
APICall::Landroid/os/Bundle.putSparseParcelableArray(),1
APICall::Landroid/os/Bundle.putString(),1
APICall::Landroid/os/Bundle.putStringArray(),1
APICall::Landroid/os/Bundle.putStringArrayList(),1
APICall::Landroid/os/Bundle.remove(),1
APICall::Landroid/os/Bundle.setClassLoader(),1
APICall::Landroid/os/Bundle.size(),1
APICall::Landroid/os/CancellationSignal.<init>(),1
APICall::Landroid/os/CancellationSignal.cancel(),1
APICall::Landroid/os/CancellationSignal.setOnCancelListener(),1
APICall::Landroid/os/CancellationSignal.throwIfCanceled(),1
APICall::Landroid/os/Environment.getExternalStorageDirectory(),1
APICall::Landroid/os/Environment.getExternalStorageState(),1
APICall::Landroid/os/Handler.<init>(),1
APICall::Landroid/os/Handler.createAsync(),1
APICall::Landroid/os/Handler.getLooper(),1
APICall::Landroid/os/Handler.hasCallbacks(),1
APICall::Landroid/os/Handler.hasMessages(),1
APICall::Landroid/os/Handler.obtainMessage(),1
APICall::Landroid/os/Handler.post(),1
APICall::Landroid/os/Handler.postAtFrontOfQueue(),1
APICall::Landroid/os/Handler.postAtTime(),1
APICall::Landroid/os/Handler.postDelayed(),1
APICall::Landroid/os/Handler.removeCallbacks(),1
APICall::Landroid/os/Handler.removeCallbacksAndMessages(),1
APICall::Landroid/os/Handler.removeMessages(),1
APICall::Landroid/os/Handler.sendMessage(),1
APICall::Landroid/os/Handler.sendMessageDelayed(),1
APICall::Landroid/os/Handler.toString(),1
APICall::Landroid/os/HandlerThread.<init>(),1
APICall::Landroid/os/HandlerThread.getLooper(),1
APICall::Landroid/os/HandlerThread.quit(),1
APICall::Landroid/os/HandlerThread.start(),1
APICall::Landroid/os/IBinder.queryLocalInterface(),1
APICall::Landroid/os/IBinder.transact(),1
APICall::Landroid/os/LocaleList.<init>(),1
APICall::Landroid/os/LocaleList.equals(),1
APICall::Landroid/os/LocaleList.forLanguageTags(),1
APICall::Landroid/os/LocaleList.get(),1
APICall::Landroid/os/LocaleList.getAdjustedDefault(),1
APICall::Landroid/os/LocaleList.getDefault(),1
APICall::Landroid/os/LocaleList.getFirstMatch(),1
APICall::Landroid/os/LocaleList.hashCode(),1
APICall::Landroid/os/LocaleList.indexOf(),1
APICall::Landroid/os/LocaleList.isEmpty(),1
APICall::Landroid/os/LocaleList.matchesLanguageAndScript(),1
APICall::Landroid/os/LocaleList.setDefault(),1
APICall::Landroid/os/LocaleList.size(),1
APICall::Landroid/os/LocaleList.toLanguageTags(),1
APICall::Landroid/os/LocaleList.toString(),1
APICall::Landroid/os/Looper.getMainLooper(),1
APICall::Landroid/os/Looper.getThread(),1
APICall::Landroid/os/Looper.myLooper(),1
APICall::Landroid/os/Message.isAsynchronous(),1
APICall::Landroid/os/Message.obtain(),1
APICall::Landroid/os/Message.sendToTarget(),1
APICall::Landroid/os/Message.setAsynchronous(),1
APICall::Landroid/os/NetworkOnMainThreadException.<init>(),1
APICall::Landroid/os/Parcel.createBooleanArray(),1
APICall::Landroid/os/Parcel.createIntArray(),1
APICall::Landroid/os/Parcel.createStringArrayList(),1
APICall::Landroid/os/Parcel.createTypedArray(),1
APICall::Landroid/os/Parcel.createTypedArrayList(),1
APICall::Landroid/os/Parcel.dataPosition(),1
APICall::Landroid/os/Parcel.dataSize(),1
APICall::Landroid/os/Parcel.enforceInterface(),1
APICall::Landroid/os/Parcel.obtain(),1
APICall::Landroid/os/Parcel.readArray(),1
APICall::Landroid/os/Parcel.readArrayList(),1
APICall::Landroid/os/Parcel.readBooleanArray(),1
APICall::Landroid/os/Parcel.readBundle(),1
APICall::Landroid/os/Parcel.readByte(),1
APICall::Landroid/os/Parcel.readByteArray(),1
APICall::Landroid/os/Parcel.readDouble(),1
APICall::Landroid/os/Parcel.readFloat(),1
APICall::Landroid/os/Parcel.readHashMap(),1
APICall::Landroid/os/Parcel.readInt(),1
APICall::Landroid/os/Parcel.readIntArray(),1
APICall::Landroid/os/Parcel.readList(),1
APICall::Landroid/os/Parcel.readLong(),1
APICall::Landroid/os/Parcel.readMap(),1
APICall::Landroid/os/Parcel.readParcelable(),1
APICall::Landroid/os/Parcel.readParcelableArray(),1
APICall::Landroid/os/Parcel.readParcelableCreator(),1
APICall::Landroid/os/Parcel.readParcelableList(),1
APICall::Landroid/os/Parcel.readSerializable(),1
APICall::Landroid/os/Parcel.readSparseArray(),1
APICall::Landroid/os/Parcel.readString(),1
APICall::Landroid/os/Parcel.readStringArray(),1
APICall::Landroid/os/Parcel.readStrongBinder(),1
APICall::Landroid/os/Parcel.readTypedArray(),1
APICall::Landroid/os/Parcel.readValue(),1
APICall::Landroid/os/Parcel.recycle(),1
APICall::Landroid/os/Parcel.setDataPosition(),1
APICall::Landroid/os/Parcel.writeBooleanArray(),1
APICall::Landroid/os/Parcel.writeBundle(),1
APICall::Landroid/os/Parcel.writeByte(),1
APICall::Landroid/os/Parcel.writeByteArray(),1
APICall::Landroid/os/Parcel.writeDouble(),1
APICall::Landroid/os/Parcel.writeFloat(),1
APICall::Landroid/os/Parcel.writeInt(),1
APICall::Landroid/os/Parcel.writeIntArray(),1
APICall::Landroid/os/Parcel.writeInterfaceToken(),1
APICall::Landroid/os/Parcel.writeList(),1
APICall::Landroid/os/Parcel.writeLong(),1
APICall::Landroid/os/Parcel.writeParcelable(),1
APICall::Landroid/os/Parcel.writeParcelableArray(),1
APICall::Landroid/os/Parcel.writeSerializable(),1
APICall::Landroid/os/Parcel.writeString(),1
APICall::Landroid/os/Parcel.writeStringArray(),1
APICall::Landroid/os/Parcel.writeStringList(),1
APICall::Landroid/os/Parcel.writeStrongBinder(),1
APICall::Landroid/os/Parcel.writeStrongInterface(),1
APICall::Landroid/os/Parcel.writeTypedArray(),1
APICall::Landroid/os/Parcel.writeTypedList(),1
APICall::Landroid/os/Parcel.writeValue(),1
APICall::Landroid/os/ParcelFileDescriptor.close(),1
APICall::Landroid/os/ParcelFileDescriptor.dup(),1
APICall::Landroid/os/ParcelFileDescriptor.getFd(),1
APICall::Landroid/os/ParcelFileDescriptor.getFileDescriptor(),1
APICall::Landroid/os/ParcelFileDescriptor.open(),1
APICall::Landroid/os/Parcelable$Creator.createFromParcel(),1
APICall::Landroid/os/Parcelable.writeToParcel(),1
APICall::Landroid/os/PersistableBundle.<init>(),1
APICall::Landroid/os/PersistableBundle.containsKey(),1
APICall::Landroid/os/PersistableBundle.getBoolean(),1
APICall::Landroid/os/PersistableBundle.getInt(),1
APICall::Landroid/os/PersistableBundle.getPersistableBundle(),1
APICall::Landroid/os/PersistableBundle.getString(),1
APICall::Landroid/os/PersistableBundle.putBoolean(),1
APICall::Landroid/os/PersistableBundle.putBooleanArray(),1
APICall::Landroid/os/PersistableBundle.putDouble(),1
APICall::Landroid/os/PersistableBundle.putDoubleArray(),1
APICall::Landroid/os/PersistableBundle.putInt(),1
APICall::Landroid/os/PersistableBundle.putIntArray(),1
APICall::Landroid/os/PersistableBundle.putLong(),1
APICall::Landroid/os/PersistableBundle.putLongArray(),1
APICall::Landroid/os/PersistableBundle.putPersistableBundle(),1
APICall::Landroid/os/PersistableBundle.putString(),1
APICall::Landroid/os/PersistableBundle.putStringArray(),1
APICall::Landroid/os/PowerManager$WakeLock.acquire(),1
APICall::Landroid/os/PowerManager$WakeLock.release(),1
APICall::Landroid/os/PowerManager$WakeLock.setReferenceCounted(),1
APICall::Landroid/os/PowerManager.isPowerSaveMode(),1
APICall::Landroid/os/PowerManager.newWakeLock(),1
APICall::Landroid/os/Process.isApplicationUid(),1
APICall::Landroid/os/Process.myPid(),1
APICall::Landroid/os/Process.myTid(),1
APICall::Landroid/os/Process.myUid(),1
APICall::Landroid/os/Process.sendSignal(),1
APICall::Landroid/os/Process.setThreadPriority(),1
APICall::Landroid/os/ResultReceiver.send(),1
APICall::Landroid/os/StrictMode.allowThreadDiskWrites(),1
APICall::Landroid/os/StrictMode.setThreadPolicy(),1
APICall::Landroid/os/SystemClock.elapsedRealtime(),1
APICall::Landroid/os/SystemClock.uptimeMillis(),1
APICall::Landroid/os/Trace.beginAsyncSection(),1
APICall::Landroid/os/Trace.beginSection(),1
APICall::Landroid/os/Trace.endAsyncSection(),1
APICall::Landroid/os/Trace.endSection(),1
APICall::Landroid/os/Trace.isEnabled(),1
APICall::Landroid/os/Trace.setCounter(),1
APICall::Landroid/os/UserHandle.getUserHandleForUid(),1
APICall::Landroid/os/UserManager.isUserUnlocked(),1
APICall::Landroid/os/ext/SdkExtensions.getExtensionVersion(),1
APICall::Landroid/provider/DocumentsContract.buildChildDocumentsUri(),1
APICall::Landroid/provider/DocumentsContract.buildChildDocumentsUriUsingTree(),1
APICall::Landroid/provider/DocumentsContract.buildDocumentUri(),1
APICall::Landroid/provider/DocumentsContract.buildDocumentUriUsingTree(),1
APICall::Landroid/provider/DocumentsContract.buildTreeDocumentUri(),1
APICall::Landroid/provider/DocumentsContract.createDocument(),1
APICall::Landroid/provider/DocumentsContract.getDocumentId(),1
APICall::Landroid/provider/DocumentsContract.getTreeDocumentId(),1
APICall::Landroid/provider/DocumentsContract.isDocumentUri(),1
APICall::Landroid/provider/DocumentsContract.isTreeUri(),1
APICall::Landroid/provider/DocumentsContract.removeDocument(),1
APICall::Landroid/provider/DocumentsContract.renameDocument(),1
APICall::Landroid/provider/MediaStore.getPickImagesMaxLimit(),1
APICall::Landroid/provider/Settings$Global.getFloat(),1
APICall::Landroid/provider/Settings$Secure.getString(),1
APICall::Landroid/security/NetworkSecurityPolicy.getInstance(),1
APICall::Landroid/security/NetworkSecurityPolicy.isCleartextTrafficPermitted(),1
APICall::Landroid/service/quicksettings/TileService.startActivityAndCollapse(),1
APICall::Landroid/support/v4/app/INotificationSideChannel$Stub$Proxy.<init>(),1
APICall::Landroid/support/v4/app/INotificationSideChannel$Stub.<init>(),1
APICall::Landroid/support/v4/app/INotificationSideChannel$Stub.asInterface(),1
APICall::Landroid/support/v4/app/INotificationSideChannel$Stub.attachInterface(),1
APICall::Landroid/support/v4/app/INotificationSideChannel$Stub.cancel(),1
APICall::Landroid/support/v4/app/INotificationSideChannel$Stub.cancelAll(),1
APICall::Landroid/support/v4/app/INotificationSideChannel$Stub.notify(),1
APICall::Landroid/support/v4/app/INotificationSideChannel$_Parcel.access$000(),1
APICall::Landroid/support/v4/app/INotificationSideChannel$_Parcel.access$100(),1
APICall::Landroid/support/v4/app/INotificationSideChannel$_Parcel.readTypedObject(),1
APICall::Landroid/support/v4/app/INotificationSideChannel$_Parcel.writeTypedObject(),1
APICall::Landroid/support/v4/app/INotificationSideChannel.cancel(),1
APICall::Landroid/support/v4/app/INotificationSideChannel.cancelAll(),1
APICall::Landroid/support/v4/app/INotificationSideChannel.notify(),1
APICall::Landroid/support/v4/os/IResultReceiver$Stub$Proxy.<init>(),1
APICall::Landroid/support/v4/os/IResultReceiver$Stub.<init>(),1
APICall::Landroid/support/v4/os/IResultReceiver$Stub.asInterface(),1
APICall::Landroid/support/v4/os/IResultReceiver$Stub.attachInterface(),1
APICall::Landroid/support/v4/os/IResultReceiver$Stub.send(),1
APICall::Landroid/support/v4/os/IResultReceiver$_Parcel.access$000(),1
APICall::Landroid/support/v4/os/IResultReceiver$_Parcel.access$100(),1
APICall::Landroid/support/v4/os/IResultReceiver$_Parcel.readTypedObject(),1
APICall::Landroid/support/v4/os/IResultReceiver$_Parcel.writeTypedObject(),1
APICall::Landroid/support/v4/os/IResultReceiver.asBinder(),1
APICall::Landroid/support/v4/os/IResultReceiver.send(),1
APICall::Landroid/support/v4/os/IResultReceiver2$Stub$Proxy.<init>(),1
APICall::Landroid/support/v4/os/IResultReceiver2$Stub.attachInterface(),1
APICall::Landroid/support/v4/os/IResultReceiver2$Stub.send(),1
APICall::Landroid/support/v4/os/IResultReceiver2$_Parcel.access$000(),1
APICall::Landroid/support/v4/os/IResultReceiver2$_Parcel.access$100(),1
APICall::Landroid/support/v4/os/IResultReceiver2$_Parcel.readTypedObject(),1
APICall::Landroid/support/v4/os/IResultReceiver2$_Parcel.writeTypedObject(),1
APICall::Landroid/support/v4/os/ResultReceiver$1.<init>(),1
APICall::Landroid/support/v4/os/ResultReceiver$1.createFromParcel(),1
APICall::Landroid/support/v4/os/ResultReceiver$1.newArray(),1
APICall::Landroid/support/v4/os/ResultReceiver$MyResultReceiver.<init>(),1
APICall::Landroid/support/v4/os/ResultReceiver$MyRunnable.<init>(),1
APICall::Landroid/support/v4/os/ResultReceiver.<init>(),1
APICall::Landroid/support/v4/os/ResultReceiver.onReceiveResult(),1
APICall::Landroid/system/Os.close(),1
APICall::Landroid/system/Os.memfd_create(),1
APICall::Landroid/system/Os.readlink(),1
APICall::Landroid/system/Os.stat(),1
APICall::Landroid/system/OsConstants.S_ISREG(),1
APICall::Landroid/telephony/SubscriptionManager.getSlotIndex(),1
APICall::Landroid/telephony/TelephonyManager.getDeviceId(),1
APICall::Landroid/telephony/TelephonyManager.getImei(),1
APICall::Landroid/telephony/TelephonyManager.getSubscriptionId(),1
APICall::Landroid/telephony/mbms/ServiceInfo.getNameForLocale(),1
APICall::Landroid/telephony/mbms/ServiceInfo.getNamedContentLocales(),1
APICall::Landroid/text/Editable$Factory.<init>(),1
APICall::Landroid/text/Editable$Factory.newEditable(),1
APICall::Landroid/text/Editable.append(),1
APICall::Landroid/text/Editable.clear(),1
APICall::Landroid/text/Editable.delete(),1
APICall::Landroid/text/Editable.getSpanEnd(),1
APICall::Landroid/text/Editable.getSpanStart(),1
APICall::Landroid/text/Editable.getSpans(),1
APICall::Landroid/text/Editable.insert(),1
APICall::Landroid/text/Editable.length(),1
APICall::Landroid/text/Editable.replace(),1
APICall::Landroid/text/Html.escapeHtml(),1
APICall::Landroid/text/Html.fromHtml(),1
APICall::Landroid/text/Html.toHtml(),1
APICall::Landroid/text/Layout.draw(),1
APICall::Landroid/text/Layout.getDesiredWidth(),1
APICall::Landroid/text/Layout.getEllipsisCount(),1
APICall::Landroid/text/Layout.getHeight(),1
APICall::Landroid/text/Layout.getLineCount(),1
APICall::Landroid/text/Layout.getLineForVertical(),1
APICall::Landroid/text/Layout.getLineLeft(),1
APICall::Landroid/text/Layout.getLineRight(),1
APICall::Landroid/text/Layout.getLineWidth(),1
APICall::Landroid/text/Layout.getPaint(),1
APICall::Landroid/text/Layout.getWidth(),1
APICall::Landroid/text/PrecomputedText$Params$Builder.<init>(),1
APICall::Landroid/text/PrecomputedText$Params$Builder.build(),1
APICall::Landroid/text/PrecomputedText$Params$Builder.setBreakStrategy(),1
APICall::Landroid/text/PrecomputedText$Params$Builder.setHyphenationFrequency(),1
APICall::Landroid/text/PrecomputedText$Params$Builder.setTextDirection(),1
APICall::Landroid/text/PrecomputedText$Params.getBreakStrategy(),1
APICall::Landroid/text/PrecomputedText$Params.getHyphenationFrequency(),1
APICall::Landroid/text/PrecomputedText$Params.getTextDirection(),1
APICall::Landroid/text/PrecomputedText$Params.getTextPaint(),1
APICall::Landroid/text/PrecomputedText.create(),1
APICall::Landroid/text/PrecomputedText.getParagraphCount(),1
APICall::Landroid/text/PrecomputedText.getParagraphEnd(),1
APICall::Landroid/text/PrecomputedText.getParagraphStart(),1
APICall::Landroid/text/PrecomputedText.getSpans(),1
APICall::Landroid/text/PrecomputedText.removeSpan(),1
APICall::Landroid/text/PrecomputedText.setSpan(),1
APICall::Landroid/text/Selection.getSelectionEnd(),1
APICall::Landroid/text/Selection.getSelectionStart(),1
APICall::Landroid/text/Selection.removeSelection(),1
APICall::Landroid/text/Selection.setSelection(),1
APICall::Landroid/text/SpanWatcher.onSpanAdded(),1
APICall::Landroid/text/SpanWatcher.onSpanChanged(),1
APICall::Landroid/text/SpanWatcher.onSpanRemoved(),1
APICall::Landroid/text/Spannable.charAt(),1
APICall::Landroid/text/Spannable.getSpanEnd(),1
APICall::Landroid/text/Spannable.getSpanFlags(),1
APICall::Landroid/text/Spannable.getSpanStart(),1
APICall::Landroid/text/Spannable.getSpans(),1
APICall::Landroid/text/Spannable.length(),1
APICall::Landroid/text/Spannable.nextSpanTransition(),1
APICall::Landroid/text/Spannable.removeSpan(),1
APICall::Landroid/text/Spannable.setSpan(),1
APICall::Landroid/text/Spannable.subSequence(),1
APICall::Landroid/text/SpannableString.<init>(),1
APICall::Landroid/text/SpannableString.setSpan(),1
APICall::Landroid/text/SpannableString.valueOf(),1
APICall::Landroid/text/SpannableStringBuilder.<init>(),1
APICall::Landroid/text/SpannableStringBuilder.append(),1
APICall::Landroid/text/SpannableStringBuilder.delete(),1
APICall::Landroid/text/SpannableStringBuilder.getSpanEnd(),1
APICall::Landroid/text/SpannableStringBuilder.getSpanFlags(),1
APICall::Landroid/text/SpannableStringBuilder.getSpanStart(),1
APICall::Landroid/text/SpannableStringBuilder.getSpans(),1
APICall::Landroid/text/SpannableStringBuilder.insert(),1
APICall::Landroid/text/SpannableStringBuilder.length(),1
APICall::Landroid/text/SpannableStringBuilder.nextSpanTransition(),1
APICall::Landroid/text/SpannableStringBuilder.removeSpan(),1
APICall::Landroid/text/SpannableStringBuilder.replace(),1
APICall::Landroid/text/SpannableStringBuilder.setSpan(),1
APICall::Landroid/text/Spanned.getSpanEnd(),1
APICall::Landroid/text/Spanned.getSpanFlags(),1
APICall::Landroid/text/Spanned.getSpanStart(),1
APICall::Landroid/text/Spanned.getSpans(),1
APICall::Landroid/text/Spanned.length(),1
APICall::Landroid/text/Spanned.nextSpanTransition(),1
APICall::Landroid/text/SpannedString.<init>(),1
APICall::Landroid/text/SpannedString.valueOf(),1
APICall::Landroid/text/StaticLayout$Builder.build(),1
APICall::Landroid/text/StaticLayout$Builder.obtain(),1
APICall::Landroid/text/StaticLayout$Builder.setAlignment(),1
APICall::Landroid/text/StaticLayout$Builder.setBreakStrategy(),1
APICall::Landroid/text/StaticLayout$Builder.setEllipsize(),1
APICall::Landroid/text/StaticLayout$Builder.setHyphenationFrequency(),1
APICall::Landroid/text/StaticLayout$Builder.setIncludePad(),1
APICall::Landroid/text/StaticLayout$Builder.setLineSpacing(),1
APICall::Landroid/text/StaticLayout$Builder.setMaxLines(),1
APICall::Landroid/text/StaticLayout$Builder.setTextDirection(),1
APICall::Landroid/text/StaticLayout.<init>(),1
APICall::Landroid/text/StaticLayout.draw(),1
APICall::Landroid/text/StaticLayout.getHeight(),1
APICall::Landroid/text/StaticLayout.getLineBaseline(),1
APICall::Landroid/text/StaticLayout.getLineCount(),1
APICall::Landroid/text/StaticLayout.getLineEnd(),1
APICall::Landroid/text/StaticLayout.getLineStart(),1
APICall::Landroid/text/StaticLayout.getLineWidth(),1
APICall::Landroid/text/StaticLayout.getSpacingAdd(),1
APICall::Landroid/text/StaticLayout.getSpacingMultiplier(),1
APICall::Landroid/text/StaticLayout.getText(),1
APICall::Landroid/text/StaticLayout.getWidth(),1
APICall::Landroid/text/TextPaint.<init>(),1
APICall::Landroid/text/TextPaint.ascent(),1
APICall::Landroid/text/TextPaint.descent(),1
APICall::Landroid/text/TextPaint.getAlpha(),1
APICall::Landroid/text/TextPaint.getColor(),1
APICall::Landroid/text/TextPaint.getFlags(),1
APICall::Landroid/text/TextPaint.getFontFeatureSettings(),1
APICall::Landroid/text/TextPaint.getFontMetrics(),1
APICall::Landroid/text/TextPaint.getFontMetricsInt(),1
APICall::Landroid/text/TextPaint.getFontVariationSettings(),1
APICall::Landroid/text/TextPaint.getLetterSpacing(),1
APICall::Landroid/text/TextPaint.getStyle(),1
APICall::Landroid/text/TextPaint.getTextBounds(),1
APICall::Landroid/text/TextPaint.getTextLocales(),1
APICall::Landroid/text/TextPaint.getTextPath(),1
APICall::Landroid/text/TextPaint.getTextScaleX(),1
APICall::Landroid/text/TextPaint.getTextSize(),1
APICall::Landroid/text/TextPaint.getTextSkewX(),1
APICall::Landroid/text/TextPaint.getTypeface(),1
APICall::Landroid/text/TextPaint.isElegantTextHeight(),1
APICall::Landroid/text/TextPaint.measureText(),1
APICall::Landroid/text/TextPaint.reset(),1
APICall::Landroid/text/TextPaint.set(),1
APICall::Landroid/text/TextPaint.setAlpha(),1
APICall::Landroid/text/TextPaint.setAntiAlias(),1
APICall::Landroid/text/TextPaint.setColor(),1
APICall::Landroid/text/TextPaint.setFakeBoldText(),1
APICall::Landroid/text/TextPaint.setFilterBitmap(),1
APICall::Landroid/text/TextPaint.setFlags(),1
APICall::Landroid/text/TextPaint.setFontVariationSettings(),1
APICall::Landroid/text/TextPaint.setLetterSpacing(),1
APICall::Landroid/text/TextPaint.setLinearText(),1
APICall::Landroid/text/TextPaint.setShader(),1
APICall::Landroid/text/TextPaint.setShadowLayer(),1
APICall::Landroid/text/TextPaint.setStrokeWidth(),1
APICall::Landroid/text/TextPaint.setStyle(),1
APICall::Landroid/text/TextPaint.setTextAlign(),1
APICall::Landroid/text/TextPaint.setTextSize(),1
APICall::Landroid/text/TextPaint.setTextSkewX(),1
APICall::Landroid/text/TextPaint.setTypeface(),1
APICall::Landroid/text/TextUtils.concat(),1
APICall::Landroid/text/TextUtils.ellipsize(),1
APICall::Landroid/text/TextUtils.equals(),1
APICall::Landroid/text/TextUtils.getLayoutDirectionFromLocale(),1
APICall::Landroid/text/TextUtils.getTrimmedLength(),1
APICall::Landroid/text/TextUtils.htmlEncode(),1
APICall::Landroid/text/TextUtils.indexOf(),1
APICall::Landroid/text/TextUtils.isDigitsOnly(),1
APICall::Landroid/text/TextUtils.isEmpty(),1
APICall::Landroid/text/TextUtils.split(),1
APICall::Landroid/text/TextUtils.substring(),1
APICall::Landroid/text/TextUtils.writeToParcel(),1
APICall::Landroid/text/TextWatcher.afterTextChanged(),1
APICall::Landroid/text/TextWatcher.beforeTextChanged(),1
APICall::Landroid/text/TextWatcher.onTextChanged(),1
APICall::Landroid/text/format/DateFormat.getBestDateTimePattern(),1
APICall::Landroid/text/method/KeyListener.clearMetaKeyState(),1
APICall::Landroid/text/method/KeyListener.getInputType(),1
APICall::Landroid/text/method/KeyListener.onKeyDown(),1
APICall::Landroid/text/method/KeyListener.onKeyOther(),1
APICall::Landroid/text/method/KeyListener.onKeyUp(),1
APICall::Landroid/text/method/LinkMovementMethod.<init>(),1
APICall::Landroid/text/method/LinkMovementMethod.getInstance(),1
APICall::Landroid/text/method/LinkMovementMethod.onTouchEvent(),1
APICall::Landroid/text/method/MetaKeyKeyListener.adjustMetaAfterKeypress(),1
APICall::Landroid/text/method/PasswordTransformationMethod.getInstance(),1
APICall::Landroid/text/method/SingleLineTransformationMethod.<init>(),1
APICall::Landroid/text/method/SingleLineTransformationMethod.getTransformation(),1
APICall::Landroid/text/method/Touch.onTouchEvent(),1
APICall::Landroid/text/method/TransformationMethod.getTransformation(),1
APICall::Landroid/text/method/TransformationMethod.onFocusChanged(),1
APICall::Landroid/text/style/BackgroundColorSpan.<init>(),1
APICall::Landroid/text/style/CharacterStyle.updateDrawState(),1
APICall::Landroid/text/style/ClickableSpan.<init>(),1
APICall::Landroid/text/style/ClickableSpan.onClick(),1
APICall::Landroid/text/style/ForegroundColorSpan.<init>(),1
APICall::Landroid/text/style/ImageSpan.<init>(),1
APICall::Landroid/text/style/RelativeSizeSpan.<init>(),1
APICall::Landroid/text/style/ReplacementSpan.<init>(),1
APICall::Landroid/text/style/StrikethroughSpan.<init>(),1
APICall::Landroid/text/style/StyleSpan.<init>(),1
APICall::Landroid/text/style/SubscriptSpan.<init>(),1
APICall::Landroid/text/style/SuperscriptSpan.<init>(),1
APICall::Landroid/text/style/TextAppearanceSpan.<init>(),1
APICall::Landroid/text/style/URLSpan.<init>(),1
APICall::Landroid/text/style/UnderlineSpan.<init>(),1
APICall::Landroid/text/util/Linkify$MatchFilter.acceptMatch(),1
APICall::Landroid/text/util/Linkify$TransformFilter.transformUrl(),1
APICall::Landroid/text/util/Linkify.addLinks(),1
APICall::Landroid/transition/PathMotion.<init>(),1
APICall::Landroid/transition/PathMotion.getPath(),1
APICall::Landroid/transition/PatternPathMotion.<init>(),1
APICall::Landroid/transition/Transition$EpicenterCallback.<init>(),1
APICall::Landroid/transition/Transition.<init>(),1
APICall::Landroid/transition/Transition.addListener(),1
APICall::Landroid/transition/Transition.addTarget(),1
APICall::Landroid/transition/Transition.clone(),1
APICall::Landroid/transition/Transition.getDuration(),1
APICall::Landroid/transition/Transition.getInterpolator(),1
APICall::Landroid/transition/Transition.getTargetIds(),1
APICall::Landroid/transition/Transition.getTargetNames(),1
APICall::Landroid/transition/Transition.getTargetTypes(),1
APICall::Landroid/transition/Transition.getTargets(),1
APICall::Landroid/transition/Transition.removeListener(),1
APICall::Landroid/transition/Transition.removeTarget(),1
APICall::Landroid/transition/Transition.setDuration(),1
APICall::Landroid/transition/Transition.setEpicenterCallback(),1
APICall::Landroid/transition/Transition.setInterpolator(),1
APICall::Landroid/transition/Transition.setPathMotion(),1
APICall::Landroid/transition/TransitionManager.beginDelayedTransition(),1
APICall::Landroid/transition/TransitionSet.<init>(),1
APICall::Landroid/transition/TransitionSet.addTransition(),1
APICall::Landroid/transition/TransitionSet.getTargets(),1
APICall::Landroid/transition/TransitionSet.getTransitionAt(),1
APICall::Landroid/transition/TransitionSet.getTransitionCount(),1
APICall::Landroid/transition/TransitionSet.removeTransition(),1
APICall::Landroid/transition/TransitionSet.setOrdering(),1
APICall::Landroid/transition/Visibility.<init>(),1
APICall::Landroid/util/AndroidRuntimeException.<init>(),1
APICall::Landroid/util/AtomicFile.failWrite(),1
APICall::Landroid/util/AtomicFile.finishWrite(),1
APICall::Landroid/util/AtomicFile.readFully(),1
APICall::Landroid/util/AtomicFile.startWrite(),1
APICall::Landroid/util/AttributeSet.getAttributeBooleanValue(),1
APICall::Landroid/util/AttributeSet.getAttributeCount(),1
APICall::Landroid/util/AttributeSet.getAttributeIntValue(),1
APICall::Landroid/util/AttributeSet.getAttributeNameResource(),1
APICall::Landroid/util/AttributeSet.getAttributeValue(),1
APICall::Landroid/util/AttributeSet.getClassAttribute(),1
APICall::Landroid/util/AttributeSet.getPositionDescription(),1
APICall::Landroid/util/AttributeSet.getStyleAttribute(),1
APICall::Landroid/util/Base64.decode(),1
APICall::Landroid/util/Base64.encodeToString(),1
APICall::Landroid/util/DisplayMetrics.<init>(),1
APICall::Landroid/util/FloatProperty.get(),1
APICall::Landroid/util/FloatProperty.getName(),1
APICall::Landroid/util/FloatProperty.setValue(),1
APICall::Landroid/util/Half.valueOf(),1
APICall::Landroid/util/Log.d(),1
APICall::Landroid/util/Log.e(),1
APICall::Landroid/util/Log.getStackTraceString(),1
APICall::Landroid/util/Log.i(),1
APICall::Landroid/util/Log.isLoggable(),1
APICall::Landroid/util/Log.println(),1
APICall::Landroid/util/Log.v(),1
APICall::Landroid/util/Log.w(),1
APICall::Landroid/util/Log.wtf(),1
APICall::Landroid/util/LongSparseArray.<init>(),1
APICall::Landroid/util/LongSparseArray.clear(),1
APICall::Landroid/util/LongSparseArray.get(),1
APICall::Landroid/util/LongSparseArray.indexOfKey(),1
APICall::Landroid/util/LongSparseArray.indexOfValue(),1
APICall::Landroid/util/LongSparseArray.keyAt(),1
APICall::Landroid/util/LongSparseArray.put(),1
APICall::Landroid/util/LongSparseArray.removeAt(),1
APICall::Landroid/util/LongSparseArray.size(),1
APICall::Landroid/util/LongSparseArray.valueAt(),1
APICall::Landroid/util/LruCache.<init>(),1
APICall::Landroid/util/Pair.<init>(),1
APICall::Landroid/util/Pair.create(),1
APICall::Landroid/util/Property.<init>(),1
APICall::Landroid/util/Property.getName(),1
APICall::Landroid/util/Property.set(),1
APICall::Landroid/util/Range.<init>(),1
APICall::Landroid/util/Range.extend(),1
APICall::Landroid/util/Range.getLower(),1
APICall::Landroid/util/Range.getUpper(),1
APICall::Landroid/util/Range.intersect(),1
APICall::Landroid/util/Size.<init>(),1
APICall::Landroid/util/Size.getHeight(),1
APICall::Landroid/util/Size.getWidth(),1
APICall::Landroid/util/SizeF.<init>(),1
APICall::Landroid/util/SizeF.getHeight(),1
APICall::Landroid/util/SizeF.getWidth(),1
APICall::Landroid/util/SparseArray.<init>(),1
APICall::Landroid/util/SparseArray.append(),1
APICall::Landroid/util/SparseArray.clear(),1
APICall::Landroid/util/SparseArray.clone(),1
APICall::Landroid/util/SparseArray.delete(),1
APICall::Landroid/util/SparseArray.get(),1
APICall::Landroid/util/SparseArray.indexOfKey(),1
APICall::Landroid/util/SparseArray.indexOfValue(),1
APICall::Landroid/util/SparseArray.keyAt(),1
APICall::Landroid/util/SparseArray.put(),1
APICall::Landroid/util/SparseArray.remove(),1
APICall::Landroid/util/SparseArray.removeAt(),1
APICall::Landroid/util/SparseArray.setValueAt(),1
APICall::Landroid/util/SparseArray.size(),1
APICall::Landroid/util/SparseArray.valueAt(),1
APICall::Landroid/util/SparseBooleanArray.<init>(),1
APICall::Landroid/util/SparseBooleanArray.clear(),1
APICall::Landroid/util/SparseBooleanArray.delete(),1
APICall::Landroid/util/SparseBooleanArray.get(),1
APICall::Landroid/util/SparseBooleanArray.indexOfKey(),1
APICall::Landroid/util/SparseBooleanArray.indexOfValue(),1
APICall::Landroid/util/SparseBooleanArray.keyAt(),1
APICall::Landroid/util/SparseBooleanArray.put(),1
APICall::Landroid/util/SparseBooleanArray.size(),1
APICall::Landroid/util/SparseBooleanArray.valueAt(),1
APICall::Landroid/util/SparseIntArray.<init>(),1
APICall::Landroid/util/SparseIntArray.append(),1
APICall::Landroid/util/SparseIntArray.clear(),1
APICall::Landroid/util/SparseIntArray.delete(),1
APICall::Landroid/util/SparseIntArray.get(),1
APICall::Landroid/util/SparseIntArray.indexOfKey(),1
APICall::Landroid/util/SparseIntArray.indexOfValue(),1
APICall::Landroid/util/SparseIntArray.keyAt(),1
APICall::Landroid/util/SparseIntArray.put(),1
APICall::Landroid/util/SparseIntArray.removeAt(),1
APICall::Landroid/util/SparseIntArray.size(),1
APICall::Landroid/util/SparseIntArray.valueAt(),1
APICall::Landroid/util/SparseLongArray.<init>(),1
APICall::Landroid/util/SparseLongArray.get(),1
APICall::Landroid/util/SparseLongArray.indexOfKey(),1
APICall::Landroid/util/SparseLongArray.indexOfValue(),1
APICall::Landroid/util/SparseLongArray.keyAt(),1
APICall::Landroid/util/SparseLongArray.put(),1
APICall::Landroid/util/SparseLongArray.removeAt(),1
APICall::Landroid/util/SparseLongArray.size(),1
APICall::Landroid/util/SparseLongArray.valueAt(),1
APICall::Landroid/util/StateSet.stateSetMatches(),1
APICall::Landroid/util/StateSet.trimStateSet(),1
APICall::Landroid/util/TypedValue.<init>(),1
APICall::Landroid/util/TypedValue.applyDimension(),1
APICall::Landroid/util/TypedValue.complexToDimensionPixelSize(),1
APICall::Landroid/util/TypedValue.complexToFloat(),1
APICall::Landroid/util/TypedValue.deriveDimension(),1
APICall::Landroid/util/TypedValue.getComplexUnit(),1
APICall::Landroid/util/TypedValue.getDimension(),1
APICall::Landroid/util/TypedValue.getFloat(),1
APICall::Landroid/util/TypedValue.getFraction(),1
APICall::Landroid/util/Xml.asAttributeSet(),1
APICall::Landroid/util/Xml.newPullParser(),1
APICall::Landroid/util/Xml.newSerializer(),1
APICall::Landroid/view/AbsSavedState.<init>(),1
APICall::Landroid/view/AbsSavedState.writeToParcel(),1
APICall::Landroid/view/ActionMode$Callback.onActionItemClicked(),1
APICall::Landroid/view/ActionMode$Callback.onCreateActionMode(),1
APICall::Landroid/view/ActionMode$Callback.onDestroyActionMode(),1
APICall::Landroid/view/ActionMode$Callback.onPrepareActionMode(),1
APICall::Landroid/view/ActionMode.<init>(),1
APICall::Landroid/view/ActionProvider.hasSubMenu(),1
APICall::Landroid/view/ActionProvider.isVisible(),1
APICall::Landroid/view/ActionProvider.onCreateActionView(),1
APICall::Landroid/view/ActionProvider.onPerformDefaultAction(),1
APICall::Landroid/view/ActionProvider.onPrepareSubMenu(),1
APICall::Landroid/view/ActionProvider.overridesItemVisibility(),1
APICall::Landroid/view/ActionProvider.refreshVisibility(),1
APICall::Landroid/view/ActionProvider.setVisibilityListener(),1
APICall::Landroid/view/Choreographer.getInstance(),1
APICall::Landroid/view/Choreographer.postFrameCallback(),1
APICall::Landroid/view/CollapsibleActionView.onActionViewCollapsed(),1
APICall::Landroid/view/CollapsibleActionView.onActionViewExpanded(),1
APICall::Landroid/view/ContentInfo$Builder.<init>(),1
APICall::Landroid/view/ContentInfo$Builder.build(),1
APICall::Landroid/view/ContentInfo$Builder.setClip(),1
APICall::Landroid/view/ContentInfo$Builder.setExtras(),1
APICall::Landroid/view/ContentInfo$Builder.setFlags(),1
APICall::Landroid/view/ContentInfo$Builder.setLinkUri(),1
APICall::Landroid/view/ContentInfo$Builder.setSource(),1
APICall::Landroid/view/ContentInfo.getClip(),1
APICall::Landroid/view/ContentInfo.getExtras(),1
APICall::Landroid/view/ContentInfo.getFlags(),1
APICall::Landroid/view/ContentInfo.getLinkUri(),1
APICall::Landroid/view/ContentInfo.getSource(),1
APICall::Landroid/view/ContextThemeWrapper.<init>(),1
APICall::Landroid/view/ContextThemeWrapper.applyOverrideConfiguration(),1
APICall::Landroid/view/ContextThemeWrapper.getResources(),1
APICall::Landroid/view/ContextThemeWrapper.obtainStyledAttributes(),1
APICall::Landroid/view/Display$Mode.getPhysicalHeight(),1
APICall::Landroid/view/Display$Mode.getPhysicalWidth(),1
APICall::Landroid/view/Display.getDisplayId(),1
APICall::Landroid/view/Display.getMetrics(),1
APICall::Landroid/view/Display.getMode(),1
APICall::Landroid/view/Display.getRealSize(),1
APICall::Landroid/view/Display.getRefreshRate(),1
APICall::Landroid/view/Display.getRotation(),1
APICall::Landroid/view/Display.getSupportedModes(),1
APICall::Landroid/view/DisplayCutout.<init>(),1
APICall::Landroid/view/DisplayCutout.getBoundingRects(),1
APICall::Landroid/view/DisplayCutout.getSafeInsetBottom(),1
APICall::Landroid/view/DisplayCutout.getSafeInsetLeft(),1
APICall::Landroid/view/DisplayCutout.getSafeInsetRight(),1
APICall::Landroid/view/DisplayCutout.getSafeInsetTop(),1
APICall::Landroid/view/DisplayCutout.getWaterfallInsets(),1
APICall::Landroid/view/DisplayCutout.hashCode(),1
APICall::Landroid/view/DragAndDropPermissions.release(),1
APICall::Landroid/view/DragEvent.getAction(),1
APICall::Landroid/view/DragEvent.getClipData(),1
APICall::Landroid/view/DragEvent.getLocalState(),1
APICall::Landroid/view/DragEvent.getX(),1
APICall::Landroid/view/DragEvent.getY(),1
APICall::Landroid/view/FocusFinder.findNextFocus(),1
APICall::Landroid/view/FocusFinder.findNextFocusFromRect(),1
APICall::Landroid/view/FocusFinder.getInstance(),1
APICall::Landroid/view/FrameMetrics.getMetric(),1
APICall::Landroid/view/GestureDetector$SimpleOnGestureListener.<init>(),1
APICall::Landroid/view/GestureDetector$SimpleOnGestureListener.onDoubleTap(),1
APICall::Landroid/view/GestureDetector.<init>(),1
APICall::Landroid/view/GestureDetector.isLongpressEnabled(),1
APICall::Landroid/view/GestureDetector.onTouchEvent(),1
APICall::Landroid/view/GestureDetector.setIsLongpressEnabled(),1
APICall::Landroid/view/GestureDetector.setOnDoubleTapListener(),1
APICall::Landroid/view/Gravity.apply(),1
APICall::Landroid/view/Gravity.applyDisplay(),1
APICall::Landroid/view/Gravity.getAbsoluteGravity(),1
APICall::Landroid/view/InflateException.<init>(),1
APICall::Landroid/view/InflateException.initCause(),1
APICall::Landroid/view/InputDevice.getDevice(),1
APICall::Landroid/view/InputDevice.getMotionRange(),1
APICall::Landroid/view/KeyCharacterMap$KeyData.<init>(),1
APICall::Landroid/view/KeyCharacterMap.getKeyboardType(),1
APICall::Landroid/view/KeyCharacterMap.load(),1
APICall::Landroid/view/KeyEvent$DispatcherState.handleUpEvent(),1
APICall::Landroid/view/KeyEvent$DispatcherState.isTracking(),1
APICall::Landroid/view/KeyEvent$DispatcherState.startTracking(),1
APICall::Landroid/view/KeyEvent.dispatch(),1
APICall::Landroid/view/KeyEvent.getAction(),1
APICall::Landroid/view/KeyEvent.getDeviceId(),1
APICall::Landroid/view/KeyEvent.getFlags(),1
APICall::Landroid/view/KeyEvent.getKeyCode(),1
APICall::Landroid/view/KeyEvent.getKeyData(),1
APICall::Landroid/view/KeyEvent.getMetaState(),1
APICall::Landroid/view/KeyEvent.getModifiers(),1
APICall::Landroid/view/KeyEvent.getRepeatCount(),1
APICall::Landroid/view/KeyEvent.hasModifiers(),1
APICall::Landroid/view/KeyEvent.hasNoModifiers(),1
APICall::Landroid/view/KeyEvent.isAltPressed(),1
APICall::Landroid/view/KeyEvent.isCanceled(),1
APICall::Landroid/view/KeyEvent.isCtrlPressed(),1
APICall::Landroid/view/KeyEvent.isLongPress(),1
APICall::Landroid/view/KeyEvent.isModifierKey(),1
APICall::Landroid/view/KeyEvent.isShiftPressed(),1
APICall::Landroid/view/KeyEvent.isSystem(),1
APICall::Landroid/view/KeyEvent.isTracking(),1
APICall::Landroid/view/KeyEvent.metaStateHasNoModifiers(),1
APICall::Landroid/view/KeyEvent.normalizeMetaState(),1
APICall::Landroid/view/KeyEvent.startTracking(),1
APICall::Landroid/view/LayoutInflater$Factory2.onCreateView(),1
APICall::Landroid/view/LayoutInflater.cloneInContext(),1
APICall::Landroid/view/LayoutInflater.from(),1
APICall::Landroid/view/LayoutInflater.getContext(),1
APICall::Landroid/view/LayoutInflater.getFactory(),1
APICall::Landroid/view/LayoutInflater.getFactory2(),1
APICall::Landroid/view/LayoutInflater.inflate(),1
APICall::Landroid/view/LayoutInflater.setFactory2(),1
APICall::Landroid/view/Menu.add(),1
APICall::Landroid/view/Menu.addSubMenu(),1
APICall::Landroid/view/Menu.clear(),1
APICall::Landroid/view/Menu.findItem(),1
APICall::Landroid/view/Menu.getItem(),1
APICall::Landroid/view/Menu.performShortcut(),1
APICall::Landroid/view/Menu.removeItem(),1
APICall::Landroid/view/Menu.setGroupDividerEnabled(),1
APICall::Landroid/view/Menu.setQwertyMode(),1
APICall::Landroid/view/Menu.size(),1
APICall::Landroid/view/MenuInflater.<init>(),1
APICall::Landroid/view/MenuInflater.inflate(),1
APICall::Landroid/view/MenuItem$OnActionExpandListener.onMenuItemActionCollapse(),1
APICall::Landroid/view/MenuItem$OnActionExpandListener.onMenuItemActionExpand(),1
APICall::Landroid/view/MenuItem$OnMenuItemClickListener.onMenuItemClick(),1
APICall::Landroid/view/MenuItem.collapseActionView(),1
APICall::Landroid/view/MenuItem.expandActionView(),1
APICall::Landroid/view/MenuItem.getActionProvider(),1
APICall::Landroid/view/MenuItem.getActionView(),1
APICall::Landroid/view/MenuItem.getAlphabeticModifiers(),1
APICall::Landroid/view/MenuItem.getContentDescription(),1
APICall::Landroid/view/MenuItem.getGroupId(),1
APICall::Landroid/view/MenuItem.getIcon(),1
APICall::Landroid/view/MenuItem.getIconTintList(),1
APICall::Landroid/view/MenuItem.getIconTintMode(),1
APICall::Landroid/view/MenuItem.getIntent(),1
APICall::Landroid/view/MenuItem.getItemId(),1
APICall::Landroid/view/MenuItem.getNumericModifiers(),1
APICall::Landroid/view/MenuItem.getSubMenu(),1
APICall::Landroid/view/MenuItem.getTooltipText(),1
APICall::Landroid/view/MenuItem.hasSubMenu(),1
APICall::Landroid/view/MenuItem.isActionViewExpanded(),1
APICall::Landroid/view/MenuItem.isCheckable(),1
APICall::Landroid/view/MenuItem.isChecked(),1
APICall::Landroid/view/MenuItem.isEnabled(),1
APICall::Landroid/view/MenuItem.isVisible(),1
APICall::Landroid/view/MenuItem.setActionProvider(),1
APICall::Landroid/view/MenuItem.setActionView(),1
APICall::Landroid/view/MenuItem.setAlphabeticShortcut(),1
APICall::Landroid/view/MenuItem.setCheckable(),1
APICall::Landroid/view/MenuItem.setChecked(),1
APICall::Landroid/view/MenuItem.setContentDescription(),1
APICall::Landroid/view/MenuItem.setEnabled(),1
APICall::Landroid/view/MenuItem.setIcon(),1
APICall::Landroid/view/MenuItem.setIconTintList(),1
APICall::Landroid/view/MenuItem.setIconTintMode(),1
APICall::Landroid/view/MenuItem.setIntent(),1
APICall::Landroid/view/MenuItem.setNumericShortcut(),1
APICall::Landroid/view/MenuItem.setOnActionExpandListener(),1
APICall::Landroid/view/MenuItem.setOnMenuItemClickListener(),1
APICall::Landroid/view/MenuItem.setShortcut(),1
APICall::Landroid/view/MenuItem.setShowAsAction(),1
APICall::Landroid/view/MenuItem.setTitleCondensed(),1
APICall::Landroid/view/MenuItem.setTooltipText(),1
APICall::Landroid/view/MenuItem.setVisible(),1
APICall::Landroid/view/MotionEvent.findPointerIndex(),1
APICall::Landroid/view/MotionEvent.getAction(),1
APICall::Landroid/view/MotionEvent.getActionIndex(),1
APICall::Landroid/view/MotionEvent.getActionMasked(),1
APICall::Landroid/view/MotionEvent.getAxisValue(),1
APICall::Landroid/view/MotionEvent.getButtonState(),1
APICall::Landroid/view/MotionEvent.getDeviceId(),1
APICall::Landroid/view/MotionEvent.getEdgeFlags(),1
APICall::Landroid/view/MotionEvent.getEventTime(),1
APICall::Landroid/view/MotionEvent.getPointerCount(),1
APICall::Landroid/view/MotionEvent.getPointerId(),1
APICall::Landroid/view/MotionEvent.getRawX(),1
APICall::Landroid/view/MotionEvent.getRawY(),1
APICall::Landroid/view/MotionEvent.getSource(),1
APICall::Landroid/view/MotionEvent.getToolType(),1
APICall::Landroid/view/MotionEvent.getX(),1
APICall::Landroid/view/MotionEvent.getY(),1
APICall::Landroid/view/MotionEvent.obtain(),1
APICall::Landroid/view/MotionEvent.obtainNoHistory(),1
APICall::Landroid/view/MotionEvent.offsetLocation(),1
APICall::Landroid/view/MotionEvent.recycle(),1
APICall::Landroid/view/MotionEvent.setAction(),1
APICall::Landroid/view/MotionEvent.setLocation(),1
APICall::Landroid/view/MotionEvent.transform(),1
APICall::Landroid/view/PointerIcon.create(),1
APICall::Landroid/view/PointerIcon.getSystemIcon(),1
APICall::Landroid/view/PointerIcon.load(),1
APICall::Landroid/view/RoundedCorner.getRadius(),1
APICall::Landroid/view/ScaleGestureDetector.isQuickScaleEnabled(),1
APICall::Landroid/view/ScaleGestureDetector.setQuickScaleEnabled(),1
APICall::Landroid/view/SoundEffectConstants.getContantForFocusDirection(),1
APICall::Landroid/view/SubMenu.add(),1
APICall::Landroid/view/SubMenu.addSubMenu(),1
APICall::Landroid/view/SubMenu.clear(),1
APICall::Landroid/view/SubMenu.findItem(),1
APICall::Landroid/view/SubMenu.getItem(),1
APICall::Landroid/view/SubMenu.hasVisibleItems(),1
APICall::Landroid/view/SubMenu.size(),1
APICall::Landroid/view/TouchDelegate.<init>(),1
APICall::Landroid/view/VelocityTracker.addMovement(),1
APICall::Landroid/view/VelocityTracker.clear(),1
APICall::Landroid/view/VelocityTracker.computeCurrentVelocity(),1
APICall::Landroid/view/VelocityTracker.getAxisVelocity(),1
APICall::Landroid/view/VelocityTracker.getXVelocity(),1
APICall::Landroid/view/VelocityTracker.getYVelocity(),1
APICall::Landroid/view/VelocityTracker.isAxisSupported(),1
APICall::Landroid/view/VelocityTracker.obtain(),1
APICall::Landroid/view/VelocityTracker.recycle(),1
APICall::Landroid/view/View$AccessibilityDelegate.<init>(),1
APICall::Landroid/view/View$AccessibilityDelegate.dispatchPopulateAccessibilityEvent(),1
APICall::Landroid/view/View$AccessibilityDelegate.getAccessibilityNodeProvider(),1
APICall::Landroid/view/View$AccessibilityDelegate.onInitializeAccessibilityEvent(),1
APICall::Landroid/view/View$AccessibilityDelegate.onInitializeAccessibilityNodeInfo(),1
APICall::Landroid/view/View$AccessibilityDelegate.onPopulateAccessibilityEvent(),1
APICall::Landroid/view/View$AccessibilityDelegate.onRequestSendAccessibilityEvent(),1
APICall::Landroid/view/View$AccessibilityDelegate.performAccessibilityAction(),1
APICall::Landroid/view/View$AccessibilityDelegate.sendAccessibilityEvent(),1
APICall::Landroid/view/View$AccessibilityDelegate.sendAccessibilityEventUnchecked(),1
APICall::Landroid/view/View$BaseSavedState.<init>(),1
APICall::Landroid/view/View$BaseSavedState.writeToParcel(),1
APICall::Landroid/view/View$MeasureSpec.getMode(),1
APICall::Landroid/view/View$MeasureSpec.getSize(),1
APICall::Landroid/view/View$MeasureSpec.makeMeasureSpec(),1
APICall::Landroid/view/View$OnApplyWindowInsetsListener.onApplyWindowInsets(),1
APICall::Landroid/view/View$OnClickListener.onClick(),1
APICall::Landroid/view/View$OnFocusChangeListener.onFocusChange(),1
APICall::Landroid/view/View$OnHoverListener.onHover(),1
APICall::Landroid/view/View$OnTouchListener.onTouch(),1
APICall::Landroid/view/View.<init>(),1
APICall::Landroid/view/View.addFocusables(),1
APICall::Landroid/view/View.addKeyboardNavigationClusters(),1
APICall::Landroid/view/View.addOnAttachStateChangeListener(),1
APICall::Landroid/view/View.addOnLayoutChangeListener(),1
APICall::Landroid/view/View.addOnUnhandledKeyEventListener(),1
APICall::Landroid/view/View.addTouchables(),1
APICall::Landroid/view/View.animate(),1
APICall::Landroid/view/View.canScrollHorizontally(),1
APICall::Landroid/view/View.canScrollVertically(),1
APICall::Landroid/view/View.cancelDragAndDrop(),1
APICall::Landroid/view/View.cancelLongPress(),1
APICall::Landroid/view/View.cancelPendingInputEvents(),1
APICall::Landroid/view/View.clearAnimation(),1
APICall::Landroid/view/View.clearFocus(),1
APICall::Landroid/view/View.combineMeasuredStates(),1
APICall::Landroid/view/View.computeSystemWindowInsets(),1
APICall::Landroid/view/View.createAccessibilityNodeInfo(),1
APICall::Landroid/view/View.dispatchApplyWindowInsets(),1
APICall::Landroid/view/View.dispatchFinishTemporaryDetach(),1
APICall::Landroid/view/View.dispatchGenericMotionEvent(),1
APICall::Landroid/view/View.dispatchHoverEvent(),1
APICall::Landroid/view/View.dispatchKeyEvent(),1
APICall::Landroid/view/View.dispatchKeyShortcutEvent(),1
APICall::Landroid/view/View.dispatchNestedFling(),1
APICall::Landroid/view/View.dispatchNestedPreFling(),1
APICall::Landroid/view/View.dispatchNestedPreScroll(),1
APICall::Landroid/view/View.dispatchNestedScroll(),1
APICall::Landroid/view/View.dispatchPopulateAccessibilityEvent(),1
APICall::Landroid/view/View.dispatchProvideAutofillStructure(),1
APICall::Landroid/view/View.dispatchStartTemporaryDetach(),1
APICall::Landroid/view/View.dispatchTouchEvent(),1
APICall::Landroid/view/View.draw(),1
APICall::Landroid/view/View.drawableHotspotChanged(),1
APICall::Landroid/view/View.drawableStateChanged(),1
APICall::Landroid/view/View.findFocus(),1
APICall::Landroid/view/View.findOnBackInvokedDispatcher(),1
APICall::Landroid/view/View.findViewById(),1
APICall::Landroid/view/View.forceLayout(),1
APICall::Landroid/view/View.generateViewId(),1
APICall::Landroid/view/View.getAccessibilityDelegate(),1
APICall::Landroid/view/View.getAccessibilityLiveRegion(),1
APICall::Landroid/view/View.getAccessibilityNodeProvider(),1
APICall::Landroid/view/View.getAccessibilityPaneTitle(),1
APICall::Landroid/view/View.getAlpha(),1
APICall::Landroid/view/View.getApplicationWindowToken(),1
APICall::Landroid/view/View.getAutofillId(),1
APICall::Landroid/view/View.getBackground(),1
APICall::Landroid/view/View.getBackgroundTintList(),1
APICall::Landroid/view/View.getBackgroundTintMode(),1
APICall::Landroid/view/View.getBaseline(),1
APICall::Landroid/view/View.getBottom(),1
APICall::Landroid/view/View.getClipBounds(),1
APICall::Landroid/view/View.getContentCaptureSession(),1
APICall::Landroid/view/View.getContentDescription(),1
APICall::Landroid/view/View.getContext(),1
APICall::Landroid/view/View.getDisplay(),1
APICall::Landroid/view/View.getDrawableState(),1
APICall::Landroid/view/View.getDrawingRect(),1
APICall::Landroid/view/View.getElevation(),1
APICall::Landroid/view/View.getFitsSystemWindows(),1
APICall::Landroid/view/View.getGlobalVisibleRect(),1
APICall::Landroid/view/View.getHeight(),1
APICall::Landroid/view/View.getHitRect(),1
APICall::Landroid/view/View.getId(),1
APICall::Landroid/view/View.getImportantForAccessibility(),1
APICall::Landroid/view/View.getImportantForAutofill(),1
APICall::Landroid/view/View.getImportantForContentCapture(),1
APICall::Landroid/view/View.getKeyDispatcherState(),1
APICall::Landroid/view/View.getLabelFor(),1
APICall::Landroid/view/View.getLayerType(),1
APICall::Landroid/view/View.getLayoutDirection(),1
APICall::Landroid/view/View.getLayoutParams(),1
APICall::Landroid/view/View.getLeft(),1
APICall::Landroid/view/View.getLocalVisibleRect(),1
APICall::Landroid/view/View.getLocationInWindow(),1
APICall::Landroid/view/View.getLocationOnScreen(),1
APICall::Landroid/view/View.getMatrix(),1
APICall::Landroid/view/View.getMeasuredHeight(),1
APICall::Landroid/view/View.getMeasuredHeightAndState(),1
APICall::Landroid/view/View.getMeasuredState(),1
APICall::Landroid/view/View.getMeasuredWidth(),1
APICall::Landroid/view/View.getMeasuredWidthAndState(),1
APICall::Landroid/view/View.getMinimumHeight(),1
APICall::Landroid/view/View.getMinimumWidth(),1
APICall::Landroid/view/View.getNextClusterForwardId(),1
APICall::Landroid/view/View.getOverScrollMode(),1
APICall::Landroid/view/View.getOverlay(),1
APICall::Landroid/view/View.getPaddingBottom(),1
APICall::Landroid/view/View.getPaddingEnd(),1
APICall::Landroid/view/View.getPaddingLeft(),1
APICall::Landroid/view/View.getPaddingRight(),1
APICall::Landroid/view/View.getPaddingStart(),1
APICall::Landroid/view/View.getPaddingTop(),1
APICall::Landroid/view/View.getParent(),1
APICall::Landroid/view/View.getParentForAccessibility(),1
APICall::Landroid/view/View.getPivotX(),1
APICall::Landroid/view/View.getPivotY(),1
APICall::Landroid/view/View.getReceiveContentMimeTypes(),1
APICall::Landroid/view/View.getResources(),1
APICall::Landroid/view/View.getRight(),1
APICall::Landroid/view/View.getRootView(),1
APICall::Landroid/view/View.getRootWindowInsets(),1
APICall::Landroid/view/View.getRotation(),1
APICall::Landroid/view/View.getRotationX(),1
APICall::Landroid/view/View.getRotationY(),1
APICall::Landroid/view/View.getScaleX(),1
APICall::Landroid/view/View.getScaleY(),1
APICall::Landroid/view/View.getScrollIndicators(),1
APICall::Landroid/view/View.getScrollX(),1
APICall::Landroid/view/View.getScrollY(),1
APICall::Landroid/view/View.getStateDescription(),1
APICall::Landroid/view/View.getSystemGestureExclusionRects(),1
APICall::Landroid/view/View.getSystemUiVisibility(),1
APICall::Landroid/view/View.getTag(),1
APICall::Landroid/view/View.getTop(),1
APICall::Landroid/view/View.getTransitionAlpha(),1
APICall::Landroid/view/View.getTransitionName(),1
APICall::Landroid/view/View.getTranslationX(),1
APICall::Landroid/view/View.getTranslationY(),1
APICall::Landroid/view/View.getTranslationZ(),1
APICall::Landroid/view/View.getViewTreeObserver(),1
APICall::Landroid/view/View.getVisibility(),1
APICall::Landroid/view/View.getWidth(),1
APICall::Landroid/view/View.getWindowInsetsController(),1
APICall::Landroid/view/View.getWindowSystemUiVisibility(),1
APICall::Landroid/view/View.getWindowToken(),1
APICall::Landroid/view/View.getWindowVisibility(),1
APICall::Landroid/view/View.getWindowVisibleDisplayFrame(),1
APICall::Landroid/view/View.getX(),1
APICall::Landroid/view/View.getY(),1
APICall::Landroid/view/View.getZ(),1
APICall::Landroid/view/View.hasExplicitFocusable(),1
APICall::Landroid/view/View.hasFocus(),1
APICall::Landroid/view/View.hasFocusable(),1
APICall::Landroid/view/View.hasNestedScrollingParent(),1
APICall::Landroid/view/View.hasOnClickListeners(),1
APICall::Landroid/view/View.hasOverlappingRendering(),1
APICall::Landroid/view/View.hasTransientState(),1
APICall::Landroid/view/View.hasWindowFocus(),1
APICall::Landroid/view/View.inflate(),1
APICall::Landroid/view/View.invalidate(),1
APICall::Landroid/view/View.invalidateOutline(),1
APICall::Landroid/view/View.isAccessibilityHeading(),1
APICall::Landroid/view/View.isAttachedToWindow(),1
APICall::Landroid/view/View.isClickable(),1
APICall::Landroid/view/View.isDuplicateParentStateEnabled(),1
APICall::Landroid/view/View.isEnabled(),1
APICall::Landroid/view/View.isFocusable(),1
APICall::Landroid/view/View.isFocused(),1
APICall::Landroid/view/View.isFocusedByDefault(),1
APICall::Landroid/view/View.isImportantForAccessibility(),1
APICall::Landroid/view/View.isImportantForAutofill(),1
APICall::Landroid/view/View.isImportantForContentCapture(),1
APICall::Landroid/view/View.isInEditMode(),1
APICall::Landroid/view/View.isInLayout(),1
APICall::Landroid/view/View.isKeyboardNavigationCluster(),1
APICall::Landroid/view/View.isLaidOut(),1
APICall::Landroid/view/View.isLayoutDirectionResolved(),1
APICall::Landroid/view/View.isLayoutRequested(),1
APICall::Landroid/view/View.isLongClickable(),1
APICall::Landroid/view/View.isNestedScrollingEnabled(),1
APICall::Landroid/view/View.isOpaque(),1
APICall::Landroid/view/View.isPaddingRelative(),1
APICall::Landroid/view/View.isPressed(),1
APICall::Landroid/view/View.isScreenReaderFocusable(),1
APICall::Landroid/view/View.isSelected(),1
APICall::Landroid/view/View.isShown(),1
APICall::Landroid/view/View.jumpDrawablesToCurrentState(),1
APICall::Landroid/view/View.keyboardNavigationClusterSearch(),1
APICall::Landroid/view/View.layout(),1
APICall::Landroid/view/View.measure(),1
APICall::Landroid/view/View.offsetLeftAndRight(),1
APICall::Landroid/view/View.offsetTopAndBottom(),1
APICall::Landroid/view/View.onApplyWindowInsets(),1
APICall::Landroid/view/View.onAttachedToWindow(),1
APICall::Landroid/view/View.onCheckIsTextEditor(),1
APICall::Landroid/view/View.onDetachedFromWindow(),1
APICall::Landroid/view/View.onDraw(),1
APICall::Landroid/view/View.onFocusChanged(),1
APICall::Landroid/view/View.onInitializeAccessibilityEvent(),1
APICall::Landroid/view/View.onInitializeAccessibilityNodeInfo(),1
APICall::Landroid/view/View.onKeyDown(),1
APICall::Landroid/view/View.onKeyUp(),1
APICall::Landroid/view/View.onLayout(),1
APICall::Landroid/view/View.onMeasure(),1
APICall::Landroid/view/View.onPopulateAccessibilityEvent(),1
APICall::Landroid/view/View.onRestoreInstanceState(),1
APICall::Landroid/view/View.onSaveInstanceState(),1
APICall::Landroid/view/View.onSizeChanged(),1
APICall::Landroid/view/View.onTouchEvent(),1
APICall::Landroid/view/View.onVisibilityAggregated(),1
APICall::Landroid/view/View.onVisibilityChanged(),1
APICall::Landroid/view/View.onWindowVisibilityChanged(),1
APICall::Landroid/view/View.performAccessibilityAction(),1
APICall::Landroid/view/View.performClick(),1
APICall::Landroid/view/View.performHapticFeedback(),1
APICall::Landroid/view/View.performReceiveContent(),1
APICall::Landroid/view/View.post(),1
APICall::Landroid/view/View.postDelayed(),1
APICall::Landroid/view/View.postInvalidate(),1
APICall::Landroid/view/View.postInvalidateOnAnimation(),1
APICall::Landroid/view/View.postOnAnimation(),1
APICall::Landroid/view/View.postOnAnimationDelayed(),1
APICall::Landroid/view/View.removeCallbacks(),1
APICall::Landroid/view/View.removeOnAttachStateChangeListener(),1
APICall::Landroid/view/View.removeOnLayoutChangeListener(),1
APICall::Landroid/view/View.removeOnUnhandledKeyEventListener(),1
APICall::Landroid/view/View.requestApplyInsets(),1
APICall::Landroid/view/View.requestFocus(),1
APICall::Landroid/view/View.requestLayout(),1
APICall::Landroid/view/View.requireViewById(),1
APICall::Landroid/view/View.resolveSize(),1
APICall::Landroid/view/View.resolveSizeAndState(),1
APICall::Landroid/view/View.restoreDefaultFocus(),1
APICall::Landroid/view/View.restoreHierarchyState(),1
APICall::Landroid/view/View.saveAttributeDataForStyleable(),1
APICall::Landroid/view/View.saveHierarchyState(),1
APICall::Landroid/view/View.sendAccessibilityEvent(),1
APICall::Landroid/view/View.sendAccessibilityEventUnchecked(),1
APICall::Landroid/view/View.setAccessibilityDelegate(),1
APICall::Landroid/view/View.setAccessibilityHeading(),1
APICall::Landroid/view/View.setAccessibilityLiveRegion(),1
APICall::Landroid/view/View.setAccessibilityPaneTitle(),1
APICall::Landroid/view/View.setActivated(),1
APICall::Landroid/view/View.setAlpha(),1
APICall::Landroid/view/View.setAnimationMatrix(),1
APICall::Landroid/view/View.setAutofillHints(),1
APICall::Landroid/view/View.setAutofillId(),1
APICall::Landroid/view/View.setBackground(),1
APICall::Landroid/view/View.setBackgroundColor(),1
APICall::Landroid/view/View.setBackgroundDrawable(),1
APICall::Landroid/view/View.setBackgroundTintList(),1
APICall::Landroid/view/View.setBackgroundTintMode(),1
APICall::Landroid/view/View.setBottom(),1
APICall::Landroid/view/View.setClickable(),1
APICall::Landroid/view/View.setClipBounds(),1
APICall::Landroid/view/View.setClipToOutline(),1
APICall::Landroid/view/View.setContentCaptureSession(),1
APICall::Landroid/view/View.setElevation(),1
APICall::Landroid/view/View.setEnabled(),1
APICall::Landroid/view/View.setFitsSystemWindows(),1
APICall::Landroid/view/View.setFocusable(),1
APICall::Landroid/view/View.setFocusableInTouchMode(),1
APICall::Landroid/view/View.setFocusedByDefault(),1
APICall::Landroid/view/View.setHasTransientState(),1
APICall::Landroid/view/View.setId(),1
APICall::Landroid/view/View.setImportantForAccessibility(),1
APICall::Landroid/view/View.setImportantForAutofill(),1
APICall::Landroid/view/View.setImportantForContentCapture(),1
APICall::Landroid/view/View.setKeyboardNavigationCluster(),1
APICall::Landroid/view/View.setLabelFor(),1
APICall::Landroid/view/View.setLayerPaint(),1
APICall::Landroid/view/View.setLayerType(),1
APICall::Landroid/view/View.setLayoutDirection(),1
APICall::Landroid/view/View.setLayoutParams(),1
APICall::Landroid/view/View.setLeft(),1
APICall::Landroid/view/View.setLeftTopRightBottom(),1
APICall::Landroid/view/View.setLongClickable(),1
APICall::Landroid/view/View.setMinimumHeight(),1
APICall::Landroid/view/View.setMinimumWidth(),1
APICall::Landroid/view/View.setNestedScrollingEnabled(),1
APICall::Landroid/view/View.setNextClusterForwardId(),1
APICall::Landroid/view/View.setOnApplyWindowInsetsListener(),1
APICall::Landroid/view/View.setOnClickListener(),1
APICall::Landroid/view/View.setOnCreateContextMenuListener(),1
APICall::Landroid/view/View.setOnHoverListener(),1
APICall::Landroid/view/View.setOnLongClickListener(),1
APICall::Landroid/view/View.setOnReceiveContentListener(),1
APICall::Landroid/view/View.setOnTouchListener(),1
APICall::Landroid/view/View.setOutlineProvider(),1
APICall::Landroid/view/View.setOverScrollMode(),1
APICall::Landroid/view/View.setPadding(),1
APICall::Landroid/view/View.setPaddingRelative(),1
APICall::Landroid/view/View.setPivotX(),1
APICall::Landroid/view/View.setPivotY(),1
APICall::Landroid/view/View.setPointerIcon(),1
APICall::Landroid/view/View.setPressed(),1
APICall::Landroid/view/View.setRight(),1
APICall::Landroid/view/View.setRotation(),1
APICall::Landroid/view/View.setRotationX(),1
APICall::Landroid/view/View.setRotationY(),1
APICall::Landroid/view/View.setSaveFromParentEnabled(),1
APICall::Landroid/view/View.setScaleX(),1
APICall::Landroid/view/View.setScaleY(),1
APICall::Landroid/view/View.setScreenReaderFocusable(),1
APICall::Landroid/view/View.setScrollIndicators(),1
APICall::Landroid/view/View.setScrollX(),1
APICall::Landroid/view/View.setScrollY(),1
APICall::Landroid/view/View.setSelected(),1
APICall::Landroid/view/View.setStateDescription(),1
APICall::Landroid/view/View.setStateListAnimator(),1
APICall::Landroid/view/View.setSystemGestureExclusionRects(),1
APICall::Landroid/view/View.setSystemUiVisibility(),1
APICall::Landroid/view/View.setTag(),1
APICall::Landroid/view/View.setTooltipText(),1
APICall::Landroid/view/View.setTop(),1
APICall::Landroid/view/View.setTransitionAlpha(),1
APICall::Landroid/view/View.setTransitionName(),1
APICall::Landroid/view/View.setTransitionVisibility(),1
APICall::Landroid/view/View.setTranslationX(),1
APICall::Landroid/view/View.setTranslationY(),1
APICall::Landroid/view/View.setTranslationZ(),1
APICall::Landroid/view/View.setVisibility(),1
APICall::Landroid/view/View.setWillNotDraw(),1
APICall::Landroid/view/View.setWindowInsetsAnimationCallback(),1
APICall::Landroid/view/View.setX(),1
APICall::Landroid/view/View.setY(),1
APICall::Landroid/view/View.setZ(),1
APICall::Landroid/view/View.startAnimation(),1
APICall::Landroid/view/View.startDragAndDrop(),1
APICall::Landroid/view/View.startNestedScroll(),1
APICall::Landroid/view/View.stopNestedScroll(),1
APICall::Landroid/view/View.transformMatrixToGlobal(),1
APICall::Landroid/view/View.transformMatrixToLocal(),1
APICall::Landroid/view/View.updateDragShadow(),1
APICall::Landroid/view/ViewAnimationUtils.createCircularReveal(),1
APICall::Landroid/view/ViewConfiguration.get(),1
APICall::Landroid/view/ViewConfiguration.getLongPressTimeout(),1
APICall::Landroid/view/ViewConfiguration.getScaledHorizontalScrollFactor(),1
APICall::Landroid/view/ViewConfiguration.getScaledHoverSlop(),1
APICall::Landroid/view/ViewConfiguration.getScaledMaximumFlingVelocity(),1
APICall::Landroid/view/ViewConfiguration.getScaledMinimumFlingVelocity(),1
APICall::Landroid/view/ViewConfiguration.getScaledPagingTouchSlop(),1
APICall::Landroid/view/ViewConfiguration.getScaledTouchSlop(),1
APICall::Landroid/view/ViewConfiguration.getScaledVerticalScrollFactor(),1
APICall::Landroid/view/ViewConfiguration.getScaledWindowTouchSlop(),1
APICall::Landroid/view/ViewConfiguration.getTapTimeout(),1
APICall::Landroid/view/ViewConfiguration.hasPermanentMenuKey(),1
APICall::Landroid/view/ViewConfiguration.shouldShowMenuShortcutsWhenKeyboardPresent(),1
APICall::Landroid/view/ViewGroup$LayoutParams.<init>(),1
APICall::Landroid/view/ViewGroup$MarginLayoutParams.<init>(),1
APICall::Landroid/view/ViewGroup$MarginLayoutParams.getLayoutDirection(),1
APICall::Landroid/view/ViewGroup$MarginLayoutParams.getMarginEnd(),1
APICall::Landroid/view/ViewGroup$MarginLayoutParams.getMarginStart(),1
APICall::Landroid/view/ViewGroup$MarginLayoutParams.isMarginRelative(),1
APICall::Landroid/view/ViewGroup$MarginLayoutParams.resolveLayoutDirection(),1
APICall::Landroid/view/ViewGroup$MarginLayoutParams.setLayoutDirection(),1
APICall::Landroid/view/ViewGroup$MarginLayoutParams.setMarginEnd(),1
APICall::Landroid/view/ViewGroup$MarginLayoutParams.setMarginStart(),1
APICall::Landroid/view/ViewGroup$MarginLayoutParams.setMargins(),1
APICall::Landroid/view/ViewGroup$OnHierarchyChangeListener.onChildViewAdded(),1
APICall::Landroid/view/ViewGroup$OnHierarchyChangeListener.onChildViewRemoved(),1
APICall::Landroid/view/ViewGroup.<init>(),1
APICall::Landroid/view/ViewGroup.addFocusables(),1
APICall::Landroid/view/ViewGroup.addOnAttachStateChangeListener(),1
APICall::Landroid/view/ViewGroup.addView(),1
APICall::Landroid/view/ViewGroup.canScrollHorizontally(),1
APICall::Landroid/view/ViewGroup.canScrollVertically(),1
APICall::Landroid/view/ViewGroup.checkLayoutParams(),1
APICall::Landroid/view/ViewGroup.dispatchDraw(),1
APICall::Landroid/view/ViewGroup.dispatchGenericMotionEvent(),1
APICall::Landroid/view/ViewGroup.dispatchKeyEvent(),1
APICall::Landroid/view/ViewGroup.dispatchPopulateAccessibilityEvent(),1
APICall::Landroid/view/ViewGroup.dispatchRestoreInstanceState(),1
APICall::Landroid/view/ViewGroup.draw(),1
APICall::Landroid/view/ViewGroup.drawChild(),1
APICall::Landroid/view/ViewGroup.drawableStateChanged(),1
APICall::Landroid/view/ViewGroup.endViewTransition(),1
APICall::Landroid/view/ViewGroup.findViewById(),1
APICall::Landroid/view/ViewGroup.fitSystemWindows(),1
APICall::Landroid/view/ViewGroup.focusSearch(),1
APICall::Landroid/view/ViewGroup.forceLayout(),1
APICall::Landroid/view/ViewGroup.getAccessibilityClassName(),1
APICall::Landroid/view/ViewGroup.getBaseline(),1
APICall::Landroid/view/ViewGroup.getBottom(),1
APICall::Landroid/view/ViewGroup.getChildAt(),1
APICall::Landroid/view/ViewGroup.getChildCount(),1
APICall::Landroid/view/ViewGroup.getChildDrawingOrder(),1
APICall::Landroid/view/ViewGroup.getChildMeasureSpec(),1
APICall::Landroid/view/ViewGroup.getClipChildren(),1
APICall::Landroid/view/ViewGroup.getClipToPadding(),1
APICall::Landroid/view/ViewGroup.getContext(),1
APICall::Landroid/view/ViewGroup.getFocusedChild(),1
APICall::Landroid/view/ViewGroup.getHeight(),1
APICall::Landroid/view/ViewGroup.getHitRect(),1
APICall::Landroid/view/ViewGroup.getId(),1
APICall::Landroid/view/ViewGroup.getLayoutDirection(),1
APICall::Landroid/view/ViewGroup.getLayoutMode(),1
APICall::Landroid/view/ViewGroup.getLayoutParams(),1
APICall::Landroid/view/ViewGroup.getLayoutTransition(),1
APICall::Landroid/view/ViewGroup.getLeft(),1
APICall::Landroid/view/ViewGroup.getLocationOnScreen(),1
APICall::Landroid/view/ViewGroup.getNestedScrollAxes(),1
APICall::Landroid/view/ViewGroup.getOverlay(),1
APICall::Landroid/view/ViewGroup.getParent(),1
APICall::Landroid/view/ViewGroup.getRight(),1
APICall::Landroid/view/ViewGroup.getScrollX(),1
APICall::Landroid/view/ViewGroup.getScrollY(),1
APICall::Landroid/view/ViewGroup.getSuggestedMinimumHeight(),1
APICall::Landroid/view/ViewGroup.getSuggestedMinimumWidth(),1
APICall::Landroid/view/ViewGroup.getTag(),1
APICall::Landroid/view/ViewGroup.getTop(),1
APICall::Landroid/view/ViewGroup.getTranslationX(),1
APICall::Landroid/view/ViewGroup.getTranslationY(),1
APICall::Landroid/view/ViewGroup.getViewTreeObserver(),1
APICall::Landroid/view/ViewGroup.getVisibility(),1
APICall::Landroid/view/ViewGroup.getWidth(),1
APICall::Landroid/view/ViewGroup.getWindowId(),1
APICall::Landroid/view/ViewGroup.hasFocus(),1
APICall::Landroid/view/ViewGroup.indexOfChild(),1
APICall::Landroid/view/ViewGroup.invalidate(),1
APICall::Landroid/view/ViewGroup.isAttachedToWindow(),1
APICall::Landroid/view/ViewGroup.isInEditMode(),1
APICall::Landroid/view/ViewGroup.isLaidOut(),1
APICall::Landroid/view/ViewGroup.isTransitionGroup(),1
APICall::Landroid/view/ViewGroup.offsetDescendantRectToMyCoords(),1
APICall::Landroid/view/ViewGroup.onAttachedToWindow(),1
APICall::Landroid/view/ViewGroup.onConfigurationChanged(),1
APICall::Landroid/view/ViewGroup.onDetachedFromWindow(),1
APICall::Landroid/view/ViewGroup.onDraw(),1
APICall::Landroid/view/ViewGroup.onHoverEvent(),1
APICall::Landroid/view/ViewGroup.onInitializeAccessibilityEvent(),1
APICall::Landroid/view/ViewGroup.onInitializeAccessibilityNodeInfo(),1
APICall::Landroid/view/ViewGroup.onKeyDown(),1
APICall::Landroid/view/ViewGroup.onKeyUp(),1
APICall::Landroid/view/ViewGroup.onRequestFocusInDescendants(),1
APICall::Landroid/view/ViewGroup.onRequestSendAccessibilityEvent(),1
APICall::Landroid/view/ViewGroup.onRestoreInstanceState(),1
APICall::Landroid/view/ViewGroup.onRtlPropertiesChanged(),1
APICall::Landroid/view/ViewGroup.onSaveInstanceState(),1
APICall::Landroid/view/ViewGroup.onSizeChanged(),1
APICall::Landroid/view/ViewGroup.onTouchEvent(),1
APICall::Landroid/view/ViewGroup.onViewAdded(),1
APICall::Landroid/view/ViewGroup.onViewRemoved(),1
APICall::Landroid/view/ViewGroup.onWindowSystemUiVisibilityChanged(),1
APICall::Landroid/view/ViewGroup.onWindowVisibilityChanged(),1
APICall::Landroid/view/ViewGroup.performAccessibilityAction(),1
APICall::Landroid/view/ViewGroup.post(),1
APICall::Landroid/view/ViewGroup.postInvalidateOnAnimation(),1
APICall::Landroid/view/ViewGroup.removeAllViews(),1
APICall::Landroid/view/ViewGroup.removeCallbacks(),1
APICall::Landroid/view/ViewGroup.removeDetachedView(),1
APICall::Landroid/view/ViewGroup.removeOnAttachStateChangeListener(),1
APICall::Landroid/view/ViewGroup.removeView(),1
APICall::Landroid/view/ViewGroup.removeViewAt(),1
APICall::Landroid/view/ViewGroup.removeViewInLayout(),1
APICall::Landroid/view/ViewGroup.requestChildFocus(),1
APICall::Landroid/view/ViewGroup.requestChildRectangleOnScreen(),1
APICall::Landroid/view/ViewGroup.requestDisallowInterceptTouchEvent(),1
APICall::Landroid/view/ViewGroup.requestFocus(),1
APICall::Landroid/view/ViewGroup.requestLayout(),1
APICall::Landroid/view/ViewGroup.sendAccessibilityEventUnchecked(),1
APICall::Landroid/view/ViewGroup.setBackgroundResource(),1
APICall::Landroid/view/ViewGroup.setClipChildren(),1
APICall::Landroid/view/ViewGroup.setClipToPadding(),1
APICall::Landroid/view/ViewGroup.setFitsSystemWindows(),1
APICall::Landroid/view/ViewGroup.setId(),1
APICall::Landroid/view/ViewGroup.setLayoutDirection(),1
APICall::Landroid/view/ViewGroup.setLayoutMode(),1
APICall::Landroid/view/ViewGroup.setLayoutTransition(),1
APICall::Landroid/view/ViewGroup.setMotionEventSplittingEnabled(),1
APICall::Landroid/view/ViewGroup.setOnHierarchyChangeListener(),1
APICall::Landroid/view/ViewGroup.setTag(),1
APICall::Landroid/view/ViewGroup.setTransitionGroup(),1
APICall::Landroid/view/ViewGroup.setVisibility(),1
APICall::Landroid/view/ViewGroup.shouldDelayChildPressedState(),1
APICall::Landroid/view/ViewGroup.startViewTransition(),1
APICall::Landroid/view/ViewGroup.suppressLayout(),1
APICall::Landroid/view/ViewGroup.toString(),1
APICall::Landroid/view/ViewGroup.verifyDrawable(),1
APICall::Landroid/view/ViewGroupOverlay.add(),1
APICall::Landroid/view/ViewGroupOverlay.remove(),1
APICall::Landroid/view/ViewOutlineProvider.<init>(),1
APICall::Landroid/view/ViewOverlay.add(),1
APICall::Landroid/view/ViewOverlay.remove(),1
APICall::Landroid/view/ViewParent.getParent(),1
APICall::Landroid/view/ViewParent.isLayoutRequested(),1
APICall::Landroid/view/ViewParent.notifySubtreeAccessibilityStateChanged(),1
APICall::Landroid/view/ViewParent.onNestedFling(),1
APICall::Landroid/view/ViewParent.onNestedPreFling(),1
APICall::Landroid/view/ViewParent.onNestedPreScroll(),1
APICall::Landroid/view/ViewParent.onNestedScroll(),1
APICall::Landroid/view/ViewParent.onNestedScrollAccepted(),1
APICall::Landroid/view/ViewParent.onStartNestedScroll(),1
APICall::Landroid/view/ViewParent.onStopNestedScroll(),1
APICall::Landroid/view/ViewParent.requestDisallowInterceptTouchEvent(),1
APICall::Landroid/view/ViewParent.requestSendAccessibilityEvent(),1
APICall::Landroid/view/ViewPropertyAnimator.alpha(),1
APICall::Landroid/view/ViewPropertyAnimator.alphaBy(),1
APICall::Landroid/view/ViewPropertyAnimator.cancel(),1
APICall::Landroid/view/ViewPropertyAnimator.getDuration(),1
APICall::Landroid/view/ViewPropertyAnimator.getInterpolator(),1
APICall::Landroid/view/ViewPropertyAnimator.getStartDelay(),1
APICall::Landroid/view/ViewPropertyAnimator.rotation(),1
APICall::Landroid/view/ViewPropertyAnimator.rotationBy(),1
APICall::Landroid/view/ViewPropertyAnimator.rotationX(),1
APICall::Landroid/view/ViewPropertyAnimator.rotationXBy(),1
APICall::Landroid/view/ViewPropertyAnimator.rotationY(),1
APICall::Landroid/view/ViewPropertyAnimator.rotationYBy(),1
APICall::Landroid/view/ViewPropertyAnimator.scaleX(),1
APICall::Landroid/view/ViewPropertyAnimator.scaleXBy(),1
APICall::Landroid/view/ViewPropertyAnimator.scaleY(),1
APICall::Landroid/view/ViewPropertyAnimator.scaleYBy(),1
APICall::Landroid/view/ViewPropertyAnimator.setDuration(),1
APICall::Landroid/view/ViewPropertyAnimator.setInterpolator(),1
APICall::Landroid/view/ViewPropertyAnimator.setListener(),1
APICall::Landroid/view/ViewPropertyAnimator.setStartDelay(),1
APICall::Landroid/view/ViewPropertyAnimator.setUpdateListener(),1
APICall::Landroid/view/ViewPropertyAnimator.start(),1
APICall::Landroid/view/ViewPropertyAnimator.translationX(),1
APICall::Landroid/view/ViewPropertyAnimator.translationXBy(),1
APICall::Landroid/view/ViewPropertyAnimator.translationY(),1
APICall::Landroid/view/ViewPropertyAnimator.translationYBy(),1
APICall::Landroid/view/ViewPropertyAnimator.translationZ(),1
APICall::Landroid/view/ViewPropertyAnimator.translationZBy(),1
APICall::Landroid/view/ViewPropertyAnimator.withEndAction(),1
APICall::Landroid/view/ViewPropertyAnimator.withLayer(),1
APICall::Landroid/view/ViewPropertyAnimator.withStartAction(),1
APICall::Landroid/view/ViewPropertyAnimator.x(),1
APICall::Landroid/view/ViewPropertyAnimator.xBy(),1
APICall::Landroid/view/ViewPropertyAnimator.y(),1
APICall::Landroid/view/ViewPropertyAnimator.yBy(),1
APICall::Landroid/view/ViewPropertyAnimator.z(),1
APICall::Landroid/view/ViewPropertyAnimator.zBy(),1
APICall::Landroid/view/ViewStructure.getExtras(),1
APICall::Landroid/view/ViewStructure.newChild(),1
APICall::Landroid/view/ViewStructure.setAutofillId(),1
APICall::Landroid/view/ViewStructure.setChildCount(),1
APICall::Landroid/view/ViewStructure.setClassName(),1
APICall::Landroid/view/ViewStructure.setContentDescription(),1
APICall::Landroid/view/ViewStructure.setDimens(),1
APICall::Landroid/view/ViewStructure.setHint(),1
APICall::Landroid/view/ViewStructure.setText(),1
APICall::Landroid/view/ViewStub.inflate(),1
APICall::Landroid/view/ViewTreeObserver.addOnDrawListener(),1
APICall::Landroid/view/ViewTreeObserver.addOnGlobalLayoutListener(),1
APICall::Landroid/view/ViewTreeObserver.addOnPreDrawListener(),1
APICall::Landroid/view/ViewTreeObserver.addOnScrollChangedListener(),1
APICall::Landroid/view/ViewTreeObserver.isAlive(),1
APICall::Landroid/view/ViewTreeObserver.removeGlobalOnLayoutListener(),1
APICall::Landroid/view/ViewTreeObserver.removeOnDrawListener(),1
APICall::Landroid/view/ViewTreeObserver.removeOnGlobalLayoutListener(),1
APICall::Landroid/view/ViewTreeObserver.removeOnPreDrawListener(),1
APICall::Landroid/view/ViewTreeObserver.removeOnScrollChangedListener(),1
APICall::Landroid/view/Window$Callback.dispatchGenericMotionEvent(),1
APICall::Landroid/view/Window$Callback.dispatchKeyEvent(),1
APICall::Landroid/view/Window$Callback.dispatchKeyShortcutEvent(),1
APICall::Landroid/view/Window$Callback.dispatchPopulateAccessibilityEvent(),1
APICall::Landroid/view/Window$Callback.dispatchTouchEvent(),1
APICall::Landroid/view/Window$Callback.dispatchTrackballEvent(),1
APICall::Landroid/view/Window$Callback.onActionModeFinished(),1
APICall::Landroid/view/Window$Callback.onActionModeStarted(),1
APICall::Landroid/view/Window$Callback.onAttachedToWindow(),1
APICall::Landroid/view/Window$Callback.onContentChanged(),1
APICall::Landroid/view/Window$Callback.onCreatePanelMenu(),1
APICall::Landroid/view/Window$Callback.onCreatePanelView(),1
APICall::Landroid/view/Window$Callback.onDetachedFromWindow(),1
APICall::Landroid/view/Window$Callback.onMenuItemSelected(),1
APICall::Landroid/view/Window$Callback.onMenuOpened(),1
APICall::Landroid/view/Window$Callback.onPanelClosed(),1
APICall::Landroid/view/Window$Callback.onPointerCaptureChanged(),1
APICall::Landroid/view/Window$Callback.onPreparePanel(),1
APICall::Landroid/view/Window$Callback.onProvideKeyboardShortcuts(),1
APICall::Landroid/view/Window$Callback.onSearchRequested(),1
APICall::Landroid/view/Window$Callback.onWindowAttributesChanged(),1
APICall::Landroid/view/Window$Callback.onWindowFocusChanged(),1
APICall::Landroid/view/Window$Callback.onWindowStartingActionMode(),1
APICall::Landroid/view/Window.addFlags(),1
APICall::Landroid/view/Window.addOnFrameMetricsAvailableListener(),1
APICall::Landroid/view/Window.clearFlags(),1
APICall::Landroid/view/Window.findViewById(),1
APICall::Landroid/view/Window.getAttributes(),1
APICall::Landroid/view/Window.getCallback(),1
APICall::Landroid/view/Window.getContext(),1
APICall::Landroid/view/Window.getDecorView(),1
APICall::Landroid/view/Window.getInsetsController(),1
APICall::Landroid/view/Window.getNavigationBarColor(),1
APICall::Landroid/view/Window.getSharedElementEnterTransition(),1
APICall::Landroid/view/Window.getSharedElementReturnTransition(),1
APICall::Landroid/view/Window.hasFeature(),1
APICall::Landroid/view/Window.peekDecorView(),1
APICall::Landroid/view/Window.removeOnFrameMetricsAvailableListener(),1
APICall::Landroid/view/Window.requestFeature(),1
APICall::Landroid/view/Window.requireViewById(),1
APICall::Landroid/view/Window.setBackgroundDrawable(),1
APICall::Landroid/view/Window.setCallback(),1
APICall::Landroid/view/Window.setContentView(),1
APICall::Landroid/view/Window.setDecorFitsSystemWindows(),1
APICall::Landroid/view/Window.setFlags(),1
APICall::Landroid/view/Window.setLayout(),1
APICall::Landroid/view/Window.setNavigationBarColor(),1
APICall::Landroid/view/Window.setNavigationBarContrastEnforced(),1
APICall::Landroid/view/Window.setSharedElementReenterTransition(),1
APICall::Landroid/view/Window.setStatusBarColor(),1
APICall::Landroid/view/Window.setStatusBarContrastEnforced(),1
APICall::Landroid/view/Window.setTransitionBackgroundFadeDuration(),1
APICall::Landroid/view/Window.setWindowAnimations(),1
APICall::Landroid/view/Window.superDispatchKeyEvent(),1
APICall::Landroid/view/WindowId.equals(),1
APICall::Landroid/view/WindowInsets$Builder.<init>(),1
APICall::Landroid/view/WindowInsets$Builder.build(),1
APICall::Landroid/view/WindowInsets$Builder.setDisplayCutout(),1
APICall::Landroid/view/WindowInsets$Builder.setInsets(),1
APICall::Landroid/view/WindowInsets$Builder.setInsetsIgnoringVisibility(),1
APICall::Landroid/view/WindowInsets$Builder.setMandatorySystemGestureInsets(),1
APICall::Landroid/view/WindowInsets$Builder.setStableInsets(),1
APICall::Landroid/view/WindowInsets$Builder.setSystemGestureInsets(),1
APICall::Landroid/view/WindowInsets$Builder.setSystemWindowInsets(),1
APICall::Landroid/view/WindowInsets$Builder.setTappableElementInsets(),1
APICall::Landroid/view/WindowInsets$Builder.setVisible(),1
APICall::Landroid/view/WindowInsets$Type.captionBar(),1
APICall::Landroid/view/WindowInsets$Type.displayCutout(),1
APICall::Landroid/view/WindowInsets$Type.ime(),1
APICall::Landroid/view/WindowInsets$Type.mandatorySystemGestures(),1
APICall::Landroid/view/WindowInsets$Type.navigationBars(),1
APICall::Landroid/view/WindowInsets$Type.statusBars(),1
APICall::Landroid/view/WindowInsets$Type.systemGestures(),1
APICall::Landroid/view/WindowInsets$Type.tappableElement(),1
APICall::Landroid/view/WindowInsets.<init>(),1
APICall::Landroid/view/WindowInsets.consumeDisplayCutout(),1
APICall::Landroid/view/WindowInsets.consumeStableInsets(),1
APICall::Landroid/view/WindowInsets.consumeSystemWindowInsets(),1
APICall::Landroid/view/WindowInsets.equals(),1
APICall::Landroid/view/WindowInsets.getDisplayCutout(),1
APICall::Landroid/view/WindowInsets.getInsets(),1
APICall::Landroid/view/WindowInsets.getInsetsIgnoringVisibility(),1
APICall::Landroid/view/WindowInsets.getMandatorySystemGestureInsets(),1
APICall::Landroid/view/WindowInsets.getRoundedCorner(),1
APICall::Landroid/view/WindowInsets.getStableInsetBottom(),1
APICall::Landroid/view/WindowInsets.getStableInsetLeft(),1
APICall::Landroid/view/WindowInsets.getStableInsetRight(),1
APICall::Landroid/view/WindowInsets.getStableInsetTop(),1
APICall::Landroid/view/WindowInsets.getSystemGestureInsets(),1
APICall::Landroid/view/WindowInsets.getSystemWindowInsetBottom(),1
APICall::Landroid/view/WindowInsets.getSystemWindowInsetLeft(),1
APICall::Landroid/view/WindowInsets.getSystemWindowInsetRight(),1
APICall::Landroid/view/WindowInsets.getSystemWindowInsetTop(),1
APICall::Landroid/view/WindowInsets.getSystemWindowInsets(),1
APICall::Landroid/view/WindowInsets.getTappableElementInsets(),1
APICall::Landroid/view/WindowInsets.hashCode(),1
APICall::Landroid/view/WindowInsets.inset(),1
APICall::Landroid/view/WindowInsets.isConsumed(),1
APICall::Landroid/view/WindowInsets.isRound(),1
APICall::Landroid/view/WindowInsets.isVisible(),1
APICall::Landroid/view/WindowInsets.replaceSystemWindowInsets(),1
APICall::Landroid/view/WindowInsetsAnimation$Bounds.<init>(),1
APICall::Landroid/view/WindowInsetsAnimation$Bounds.getLowerBound(),1
APICall::Landroid/view/WindowInsetsAnimation$Bounds.getUpperBound(),1
APICall::Landroid/view/WindowInsetsAnimation$Callback.<init>(),1
APICall::Landroid/view/WindowInsetsAnimation.<init>(),1
APICall::Landroid/view/WindowInsetsAnimation.getDurationMillis(),1
APICall::Landroid/view/WindowInsetsAnimation.getFraction(),1
APICall::Landroid/view/WindowInsetsAnimation.getInterpolatedFraction(),1
APICall::Landroid/view/WindowInsetsAnimation.getInterpolator(),1
APICall::Landroid/view/WindowInsetsAnimation.getTypeMask(),1
APICall::Landroid/view/WindowInsetsAnimation.setFraction(),1
APICall::Landroid/view/WindowInsetsAnimationController.finish(),1
APICall::Landroid/view/WindowInsetsAnimationController.getCurrentAlpha(),1
APICall::Landroid/view/WindowInsetsAnimationController.getCurrentFraction(),1
APICall::Landroid/view/WindowInsetsAnimationController.getCurrentInsets(),1
APICall::Landroid/view/WindowInsetsAnimationController.getHiddenStateInsets(),1
APICall::Landroid/view/WindowInsetsAnimationController.getShownStateInsets(),1
APICall::Landroid/view/WindowInsetsAnimationController.getTypes(),1
APICall::Landroid/view/WindowInsetsAnimationController.isCancelled(),1
APICall::Landroid/view/WindowInsetsAnimationController.isFinished(),1
APICall::Landroid/view/WindowInsetsAnimationController.setInsetsAndAlpha(),1
APICall::Landroid/view/WindowInsetsController.addOnControllableInsetsChangedListener(),1
APICall::Landroid/view/WindowInsetsController.controlWindowInsetsAnimation(),1
APICall::Landroid/view/WindowInsetsController.getSystemBarsAppearance(),1
APICall::Landroid/view/WindowInsetsController.getSystemBarsBehavior(),1
APICall::Landroid/view/WindowInsetsController.hide(),1
APICall::Landroid/view/WindowInsetsController.removeOnControllableInsetsChangedListener(),1
APICall::Landroid/view/WindowInsetsController.setSystemBarsAppearance(),1
APICall::Landroid/view/WindowInsetsController.setSystemBarsBehavior(),1
APICall::Landroid/view/WindowInsetsController.show(),1
APICall::Landroid/view/WindowManager$LayoutParams.<init>(),1
APICall::Landroid/view/WindowManager$LayoutParams.setTitle(),1
APICall::Landroid/view/WindowManager.addView(),1
APICall::Landroid/view/WindowManager.getCurrentWindowMetrics(),1
APICall::Landroid/view/WindowManager.getDefaultDisplay(),1
APICall::Landroid/view/WindowManager.removeView(),1
APICall::Landroid/view/WindowMetrics.getBounds(),1
APICall::Landroid/view/accessibility/AccessibilityEvent.appendRecord(),1
APICall::Landroid/view/accessibility/AccessibilityEvent.getAction(),1
APICall::Landroid/view/accessibility/AccessibilityEvent.getContentChangeTypes(),1
APICall::Landroid/view/accessibility/AccessibilityEvent.getContentDescription(),1
APICall::Landroid/view/accessibility/AccessibilityEvent.getEventType(),1
APICall::Landroid/view/accessibility/AccessibilityEvent.getMovementGranularity(),1
APICall::Landroid/view/accessibility/AccessibilityEvent.getRecord(),1
APICall::Landroid/view/accessibility/AccessibilityEvent.getRecordCount(),1
APICall::Landroid/view/accessibility/AccessibilityEvent.getText(),1
APICall::Landroid/view/accessibility/AccessibilityEvent.isAccessibilityDataSensitive(),1
APICall::Landroid/view/accessibility/AccessibilityEvent.obtain(),1
APICall::Landroid/view/accessibility/AccessibilityEvent.setAccessibilityDataSensitive(),1
APICall::Landroid/view/accessibility/AccessibilityEvent.setAction(),1
APICall::Landroid/view/accessibility/AccessibilityEvent.setChecked(),1
APICall::Landroid/view/accessibility/AccessibilityEvent.setClassName(),1
APICall::Landroid/view/accessibility/AccessibilityEvent.setContentChangeTypes(),1
APICall::Landroid/view/accessibility/AccessibilityEvent.setContentDescription(),1
APICall::Landroid/view/accessibility/AccessibilityEvent.setEnabled(),1
APICall::Landroid/view/accessibility/AccessibilityEvent.setEventType(),1
APICall::Landroid/view/accessibility/AccessibilityEvent.setFromIndex(),1
APICall::Landroid/view/accessibility/AccessibilityEvent.setItemCount(),1
APICall::Landroid/view/accessibility/AccessibilityEvent.setMovementGranularity(),1
APICall::Landroid/view/accessibility/AccessibilityEvent.setPackageName(),1
APICall::Landroid/view/accessibility/AccessibilityEvent.setPassword(),1
APICall::Landroid/view/accessibility/AccessibilityEvent.setScrollX(),1
APICall::Landroid/view/accessibility/AccessibilityEvent.setScrollY(),1
APICall::Landroid/view/accessibility/AccessibilityEvent.setScrollable(),1
APICall::Landroid/view/accessibility/AccessibilityEvent.setSource(),1
APICall::Landroid/view/accessibility/AccessibilityEvent.setToIndex(),1
APICall::Landroid/view/accessibility/AccessibilityManager.addAccessibilityStateChangeListener(),1
APICall::Landroid/view/accessibility/AccessibilityManager.addTouchExplorationStateChangeListener(),1
APICall::Landroid/view/accessibility/AccessibilityManager.getEnabledAccessibilityServiceList(),1
APICall::Landroid/view/accessibility/AccessibilityManager.getInstalledAccessibilityServiceList(),1
APICall::Landroid/view/accessibility/AccessibilityManager.getRecommendedTimeoutMillis(),1
APICall::Landroid/view/accessibility/AccessibilityManager.isEnabled(),1
APICall::Landroid/view/accessibility/AccessibilityManager.isRequestFromAccessibilityTool(),1
APICall::Landroid/view/accessibility/AccessibilityManager.isTouchExplorationEnabled(),1
APICall::Landroid/view/accessibility/AccessibilityManager.removeAccessibilityStateChangeListener(),1
APICall::Landroid/view/accessibility/AccessibilityManager.removeTouchExplorationStateChangeListener(),1
APICall::Landroid/view/accessibility/AccessibilityManager.sendAccessibilityEvent(),1
APICall::Landroid/view/accessibility/AccessibilityNodeInfo$AccessibilityAction.<init>(),1
APICall::Landroid/view/accessibility/AccessibilityNodeInfo$AccessibilityAction.getId(),1
APICall::Landroid/view/accessibility/AccessibilityNodeInfo$AccessibilityAction.getLabel(),1
APICall::Landroid/view/accessibility/AccessibilityNodeInfo$CollectionInfo.getColumnCount(),1
APICall::Landroid/view/accessibility/AccessibilityNodeInfo$CollectionInfo.getRowCount(),1
APICall::Landroid/view/accessibility/AccessibilityNodeInfo$CollectionInfo.getSelectionMode(),1
APICall::Landroid/view/accessibility/AccessibilityNodeInfo$CollectionInfo.isHierarchical(),1
APICall::Landroid/view/accessibility/AccessibilityNodeInfo$CollectionInfo.obtain(),1
APICall::Landroid/view/accessibility/AccessibilityNodeInfo$CollectionItemInfo$Builder.<init>(),1
APICall::Landroid/view/accessibility/AccessibilityNodeInfo$CollectionItemInfo$Builder.build(),1
APICall::Landroid/view/accessibility/AccessibilityNodeInfo$CollectionItemInfo$Builder.setColumnIndex(),1
APICall::Landroid/view/accessibility/AccessibilityNodeInfo$CollectionItemInfo$Builder.setColumnSpan(),1
APICall::Landroid/view/accessibility/AccessibilityNodeInfo$CollectionItemInfo$Builder.setColumnTitle(),1
APICall::Landroid/view/accessibility/AccessibilityNodeInfo$CollectionItemInfo$Builder.setHeading(),1
APICall::Landroid/view/accessibility/AccessibilityNodeInfo$CollectionItemInfo$Builder.setRowIndex(),1
APICall::Landroid/view/accessibility/AccessibilityNodeInfo$CollectionItemInfo$Builder.setRowSpan(),1
APICall::Landroid/view/accessibility/AccessibilityNodeInfo$CollectionItemInfo$Builder.setRowTitle(),1
APICall::Landroid/view/accessibility/AccessibilityNodeInfo$CollectionItemInfo$Builder.setSelected(),1
APICall::Landroid/view/accessibility/AccessibilityNodeInfo$CollectionItemInfo.getColumnIndex(),1
APICall::Landroid/view/accessibility/AccessibilityNodeInfo$CollectionItemInfo.getColumnSpan(),1
APICall::Landroid/view/accessibility/AccessibilityNodeInfo$CollectionItemInfo.getColumnTitle(),1
APICall::Landroid/view/accessibility/AccessibilityNodeInfo$CollectionItemInfo.getRowIndex(),1
APICall::Landroid/view/accessibility/AccessibilityNodeInfo$CollectionItemInfo.getRowSpan(),1
APICall::Landroid/view/accessibility/AccessibilityNodeInfo$CollectionItemInfo.getRowTitle(),1
APICall::Landroid/view/accessibility/AccessibilityNodeInfo$CollectionItemInfo.isHeading(),1
APICall::Landroid/view/accessibility/AccessibilityNodeInfo$CollectionItemInfo.isSelected(),1
APICall::Landroid/view/accessibility/AccessibilityNodeInfo$CollectionItemInfo.obtain(),1
APICall::Landroid/view/accessibility/AccessibilityNodeInfo$RangeInfo.<init>(),1
APICall::Landroid/view/accessibility/AccessibilityNodeInfo$RangeInfo.getCurrent(),1
APICall::Landroid/view/accessibility/AccessibilityNodeInfo$RangeInfo.getMax(),1
APICall::Landroid/view/accessibility/AccessibilityNodeInfo$RangeInfo.getMin(),1
APICall::Landroid/view/accessibility/AccessibilityNodeInfo$RangeInfo.getType(),1
APICall::Landroid/view/accessibility/AccessibilityNodeInfo$RangeInfo.obtain(),1
APICall::Landroid/view/accessibility/AccessibilityNodeInfo$TouchDelegateInfo.<init>(),1
APICall::Landroid/view/accessibility/AccessibilityNodeInfo$TouchDelegateInfo.getRegionAt(),1
APICall::Landroid/view/accessibility/AccessibilityNodeInfo$TouchDelegateInfo.getRegionCount(),1
APICall::Landroid/view/accessibility/AccessibilityNodeInfo$TouchDelegateInfo.getTargetForRegion(),1
APICall::Landroid/view/accessibility/AccessibilityNodeInfo.addAction(),1
APICall::Landroid/view/accessibility/AccessibilityNodeInfo.addChild(),1
APICall::Landroid/view/accessibility/AccessibilityNodeInfo.canOpenPopup(),1
APICall::Landroid/view/accessibility/AccessibilityNodeInfo.equals(),1
APICall::Landroid/view/accessibility/AccessibilityNodeInfo.findAccessibilityNodeInfosByText(),1
APICall::Landroid/view/accessibility/AccessibilityNodeInfo.findAccessibilityNodeInfosByViewId(),1
APICall::Landroid/view/accessibility/AccessibilityNodeInfo.findFocus(),1
APICall::Landroid/view/accessibility/AccessibilityNodeInfo.focusSearch(),1
APICall::Landroid/view/accessibility/AccessibilityNodeInfo.getActionList(),1
APICall::Landroid/view/accessibility/AccessibilityNodeInfo.getActions(),1
APICall::Landroid/view/accessibility/AccessibilityNodeInfo.getAvailableExtraData(),1
APICall::Landroid/view/accessibility/AccessibilityNodeInfo.getBoundsInParent(),1
APICall::Landroid/view/accessibility/AccessibilityNodeInfo.getBoundsInScreen(),1
APICall::Landroid/view/accessibility/AccessibilityNodeInfo.getBoundsInWindow(),1
APICall::Landroid/view/accessibility/AccessibilityNodeInfo.getChild(),1
APICall::Landroid/view/accessibility/AccessibilityNodeInfo.getChildCount(),1
APICall::Landroid/view/accessibility/AccessibilityNodeInfo.getClassName(),1
APICall::Landroid/view/accessibility/AccessibilityNodeInfo.getCollectionInfo(),1
APICall::Landroid/view/accessibility/AccessibilityNodeInfo.getCollectionItemInfo(),1
APICall::Landroid/view/accessibility/AccessibilityNodeInfo.getContainerTitle(),1
APICall::Landroid/view/accessibility/AccessibilityNodeInfo.getContentDescription(),1
APICall::Landroid/view/accessibility/AccessibilityNodeInfo.getDrawingOrder(),1
APICall::Landroid/view/accessibility/AccessibilityNodeInfo.getError(),1
APICall::Landroid/view/accessibility/AccessibilityNodeInfo.getExtraRenderingInfo(),1
APICall::Landroid/view/accessibility/AccessibilityNodeInfo.getExtras(),1
APICall::Landroid/view/accessibility/AccessibilityNodeInfo.getHintText(),1
APICall::Landroid/view/accessibility/AccessibilityNodeInfo.getInputType(),1
APICall::Landroid/view/accessibility/AccessibilityNodeInfo.getLabelFor(),1
APICall::Landroid/view/accessibility/AccessibilityNodeInfo.getLabeledBy(),1
APICall::Landroid/view/accessibility/AccessibilityNodeInfo.getLiveRegion(),1
APICall::Landroid/view/accessibility/AccessibilityNodeInfo.getMaxTextLength(),1
APICall::Landroid/view/accessibility/AccessibilityNodeInfo.getMinDurationBetweenContentChanges(),1
APICall::Landroid/view/accessibility/AccessibilityNodeInfo.getMovementGranularities(),1
APICall::Landroid/view/accessibility/AccessibilityNodeInfo.getPackageName(),1
APICall::Landroid/view/accessibility/AccessibilityNodeInfo.getPaneTitle(),1
APICall::Landroid/view/accessibility/AccessibilityNodeInfo.getParent(),1
APICall::Landroid/view/accessibility/AccessibilityNodeInfo.getRangeInfo(),1
APICall::Landroid/view/accessibility/AccessibilityNodeInfo.getStateDescription(),1
APICall::Landroid/view/accessibility/AccessibilityNodeInfo.getText(),1
APICall::Landroid/view/accessibility/AccessibilityNodeInfo.getTextSelectionEnd(),1
APICall::Landroid/view/accessibility/AccessibilityNodeInfo.getTextSelectionStart(),1
APICall::Landroid/view/accessibility/AccessibilityNodeInfo.getTooltipText(),1
APICall::Landroid/view/accessibility/AccessibilityNodeInfo.getTouchDelegateInfo(),1
APICall::Landroid/view/accessibility/AccessibilityNodeInfo.getTraversalAfter(),1
APICall::Landroid/view/accessibility/AccessibilityNodeInfo.getTraversalBefore(),1
APICall::Landroid/view/accessibility/AccessibilityNodeInfo.getUniqueId(),1
APICall::Landroid/view/accessibility/AccessibilityNodeInfo.getViewIdResourceName(),1
APICall::Landroid/view/accessibility/AccessibilityNodeInfo.getWindow(),1
APICall::Landroid/view/accessibility/AccessibilityNodeInfo.getWindowId(),1
APICall::Landroid/view/accessibility/AccessibilityNodeInfo.hasRequestInitialAccessibilityFocus(),1
APICall::Landroid/view/accessibility/AccessibilityNodeInfo.hashCode(),1
APICall::Landroid/view/accessibility/AccessibilityNodeInfo.isAccessibilityDataSensitive(),1
APICall::Landroid/view/accessibility/AccessibilityNodeInfo.isAccessibilityFocused(),1
APICall::Landroid/view/accessibility/AccessibilityNodeInfo.isCheckable(),1
APICall::Landroid/view/accessibility/AccessibilityNodeInfo.isChecked(),1
APICall::Landroid/view/accessibility/AccessibilityNodeInfo.isClickable(),1
APICall::Landroid/view/accessibility/AccessibilityNodeInfo.isContentInvalid(),1
APICall::Landroid/view/accessibility/AccessibilityNodeInfo.isContextClickable(),1
APICall::Landroid/view/accessibility/AccessibilityNodeInfo.isDismissable(),1
APICall::Landroid/view/accessibility/AccessibilityNodeInfo.isEditable(),1
APICall::Landroid/view/accessibility/AccessibilityNodeInfo.isEnabled(),1
APICall::Landroid/view/accessibility/AccessibilityNodeInfo.isFocusable(),1
APICall::Landroid/view/accessibility/AccessibilityNodeInfo.isFocused(),1
APICall::Landroid/view/accessibility/AccessibilityNodeInfo.isHeading(),1
APICall::Landroid/view/accessibility/AccessibilityNodeInfo.isImportantForAccessibility(),1
APICall::Landroid/view/accessibility/AccessibilityNodeInfo.isLongClickable(),1
APICall::Landroid/view/accessibility/AccessibilityNodeInfo.isMultiLine(),1
APICall::Landroid/view/accessibility/AccessibilityNodeInfo.isPassword(),1
APICall::Landroid/view/accessibility/AccessibilityNodeInfo.isScreenReaderFocusable(),1
APICall::Landroid/view/accessibility/AccessibilityNodeInfo.isScrollable(),1
APICall::Landroid/view/accessibility/AccessibilityNodeInfo.isSelected(),1
APICall::Landroid/view/accessibility/AccessibilityNodeInfo.isShowingHintText(),1
APICall::Landroid/view/accessibility/AccessibilityNodeInfo.isTextEntryKey(),1
APICall::Landroid/view/accessibility/AccessibilityNodeInfo.isTextSelectable(),1
APICall::Landroid/view/accessibility/AccessibilityNodeInfo.isVisibleToUser(),1
APICall::Landroid/view/accessibility/AccessibilityNodeInfo.obtain(),1
APICall::Landroid/view/accessibility/AccessibilityNodeInfo.performAction(),1
APICall::Landroid/view/accessibility/AccessibilityNodeInfo.refresh(),1
APICall::Landroid/view/accessibility/AccessibilityNodeInfo.removeAction(),1
APICall::Landroid/view/accessibility/AccessibilityNodeInfo.removeChild(),1
APICall::Landroid/view/accessibility/AccessibilityNodeInfo.setAccessibilityDataSensitive(),1
APICall::Landroid/view/accessibility/AccessibilityNodeInfo.setAccessibilityFocused(),1
APICall::Landroid/view/accessibility/AccessibilityNodeInfo.setAvailableExtraData(),1
APICall::Landroid/view/accessibility/AccessibilityNodeInfo.setBoundsInParent(),1
APICall::Landroid/view/accessibility/AccessibilityNodeInfo.setBoundsInScreen(),1
APICall::Landroid/view/accessibility/AccessibilityNodeInfo.setBoundsInWindow(),1
APICall::Landroid/view/accessibility/AccessibilityNodeInfo.setCanOpenPopup(),1
APICall::Landroid/view/accessibility/AccessibilityNodeInfo.setCheckable(),1
APICall::Landroid/view/accessibility/AccessibilityNodeInfo.setChecked(),1
APICall::Landroid/view/accessibility/AccessibilityNodeInfo.setClassName(),1
APICall::Landroid/view/accessibility/AccessibilityNodeInfo.setClickable(),1
APICall::Landroid/view/accessibility/AccessibilityNodeInfo.setCollectionInfo(),1
APICall::Landroid/view/accessibility/AccessibilityNodeInfo.setCollectionItemInfo(),1
APICall::Landroid/view/accessibility/AccessibilityNodeInfo.setContainerTitle(),1
APICall::Landroid/view/accessibility/AccessibilityNodeInfo.setContentDescription(),1
APICall::Landroid/view/accessibility/AccessibilityNodeInfo.setContentInvalid(),1
APICall::Landroid/view/accessibility/AccessibilityNodeInfo.setContextClickable(),1
APICall::Landroid/view/accessibility/AccessibilityNodeInfo.setDismissable(),1
APICall::Landroid/view/accessibility/AccessibilityNodeInfo.setDrawingOrder(),1
APICall::Landroid/view/accessibility/AccessibilityNodeInfo.setEditable(),1
APICall::Landroid/view/accessibility/AccessibilityNodeInfo.setEnabled(),1
APICall::Landroid/view/accessibility/AccessibilityNodeInfo.setError(),1
APICall::Landroid/view/accessibility/AccessibilityNodeInfo.setFocusable(),1
APICall::Landroid/view/accessibility/AccessibilityNodeInfo.setFocused(),1
APICall::Landroid/view/accessibility/AccessibilityNodeInfo.setHeading(),1
APICall::Landroid/view/accessibility/AccessibilityNodeInfo.setHintText(),1
APICall::Landroid/view/accessibility/AccessibilityNodeInfo.setImportantForAccessibility(),1
APICall::Landroid/view/accessibility/AccessibilityNodeInfo.setInputType(),1
APICall::Landroid/view/accessibility/AccessibilityNodeInfo.setLabelFor(),1
APICall::Landroid/view/accessibility/AccessibilityNodeInfo.setLabeledBy(),1
APICall::Landroid/view/accessibility/AccessibilityNodeInfo.setLiveRegion(),1
APICall::Landroid/view/accessibility/AccessibilityNodeInfo.setLongClickable(),1
APICall::Landroid/view/accessibility/AccessibilityNodeInfo.setMaxTextLength(),1
APICall::Landroid/view/accessibility/AccessibilityNodeInfo.setMinDurationBetweenContentChanges(),1
APICall::Landroid/view/accessibility/AccessibilityNodeInfo.setMovementGranularities(),1
APICall::Landroid/view/accessibility/AccessibilityNodeInfo.setMultiLine(),1
APICall::Landroid/view/accessibility/AccessibilityNodeInfo.setPackageName(),1
APICall::Landroid/view/accessibility/AccessibilityNodeInfo.setPaneTitle(),1
APICall::Landroid/view/accessibility/AccessibilityNodeInfo.setParent(),1
APICall::Landroid/view/accessibility/AccessibilityNodeInfo.setPassword(),1
APICall::Landroid/view/accessibility/AccessibilityNodeInfo.setQueryFromAppProcessEnabled(),1
APICall::Landroid/view/accessibility/AccessibilityNodeInfo.setRangeInfo(),1
APICall::Landroid/view/accessibility/AccessibilityNodeInfo.setRequestInitialAccessibilityFocus(),1
APICall::Landroid/view/accessibility/AccessibilityNodeInfo.setScreenReaderFocusable(),1
APICall::Landroid/view/accessibility/AccessibilityNodeInfo.setScrollable(),1
APICall::Landroid/view/accessibility/AccessibilityNodeInfo.setSelected(),1
APICall::Landroid/view/accessibility/AccessibilityNodeInfo.setShowingHintText(),1
APICall::Landroid/view/accessibility/AccessibilityNodeInfo.setSource(),1
APICall::Landroid/view/accessibility/AccessibilityNodeInfo.setStateDescription(),1
APICall::Landroid/view/accessibility/AccessibilityNodeInfo.setText(),1
APICall::Landroid/view/accessibility/AccessibilityNodeInfo.setTextEntryKey(),1
APICall::Landroid/view/accessibility/AccessibilityNodeInfo.setTextSelectable(),1
APICall::Landroid/view/accessibility/AccessibilityNodeInfo.setTextSelection(),1
APICall::Landroid/view/accessibility/AccessibilityNodeInfo.setTooltipText(),1
APICall::Landroid/view/accessibility/AccessibilityNodeInfo.setTouchDelegateInfo(),1
APICall::Landroid/view/accessibility/AccessibilityNodeInfo.setTraversalAfter(),1
APICall::Landroid/view/accessibility/AccessibilityNodeInfo.setTraversalBefore(),1
APICall::Landroid/view/accessibility/AccessibilityNodeInfo.setUniqueId(),1
APICall::Landroid/view/accessibility/AccessibilityNodeInfo.setViewIdResourceName(),1
APICall::Landroid/view/accessibility/AccessibilityNodeInfo.setVisibleToUser(),1
APICall::Landroid/view/accessibility/AccessibilityNodeProvider.<init>(),1
APICall::Landroid/view/accessibility/AccessibilityRecord.getAddedCount(),1
APICall::Landroid/view/accessibility/AccessibilityRecord.getBeforeText(),1
APICall::Landroid/view/accessibility/AccessibilityRecord.getClassName(),1
APICall::Landroid/view/accessibility/AccessibilityRecord.getContentDescription(),1
APICall::Landroid/view/accessibility/AccessibilityRecord.getCurrentItemIndex(),1
APICall::Landroid/view/accessibility/AccessibilityRecord.getFromIndex(),1
APICall::Landroid/view/accessibility/AccessibilityRecord.getItemCount(),1
APICall::Landroid/view/accessibility/AccessibilityRecord.getMaxScrollX(),1
APICall::Landroid/view/accessibility/AccessibilityRecord.getMaxScrollY(),1
APICall::Landroid/view/accessibility/AccessibilityRecord.getParcelableData(),1
APICall::Landroid/view/accessibility/AccessibilityRecord.getRemovedCount(),1
APICall::Landroid/view/accessibility/AccessibilityRecord.getScrollX(),1
APICall::Landroid/view/accessibility/AccessibilityRecord.getScrollY(),1
APICall::Landroid/view/accessibility/AccessibilityRecord.getSource(),1
APICall::Landroid/view/accessibility/AccessibilityRecord.getText(),1
APICall::Landroid/view/accessibility/AccessibilityRecord.getToIndex(),1
APICall::Landroid/view/accessibility/AccessibilityRecord.getWindowId(),1
APICall::Landroid/view/accessibility/AccessibilityRecord.isChecked(),1
APICall::Landroid/view/accessibility/AccessibilityRecord.isEnabled(),1
APICall::Landroid/view/accessibility/AccessibilityRecord.isFullScreen(),1
APICall::Landroid/view/accessibility/AccessibilityRecord.isPassword(),1
APICall::Landroid/view/accessibility/AccessibilityRecord.isScrollable(),1
APICall::Landroid/view/accessibility/AccessibilityRecord.obtain(),1
APICall::Landroid/view/accessibility/AccessibilityRecord.recycle(),1
APICall::Landroid/view/accessibility/AccessibilityRecord.setAddedCount(),1
APICall::Landroid/view/accessibility/AccessibilityRecord.setBeforeText(),1
APICall::Landroid/view/accessibility/AccessibilityRecord.setChecked(),1
APICall::Landroid/view/accessibility/AccessibilityRecord.setClassName(),1
APICall::Landroid/view/accessibility/AccessibilityRecord.setContentDescription(),1
APICall::Landroid/view/accessibility/AccessibilityRecord.setCurrentItemIndex(),1
APICall::Landroid/view/accessibility/AccessibilityRecord.setEnabled(),1
APICall::Landroid/view/accessibility/AccessibilityRecord.setFromIndex(),1
APICall::Landroid/view/accessibility/AccessibilityRecord.setFullScreen(),1
APICall::Landroid/view/accessibility/AccessibilityRecord.setItemCount(),1
APICall::Landroid/view/accessibility/AccessibilityRecord.setMaxScrollX(),1
APICall::Landroid/view/accessibility/AccessibilityRecord.setMaxScrollY(),1
APICall::Landroid/view/accessibility/AccessibilityRecord.setParcelableData(),1
APICall::Landroid/view/accessibility/AccessibilityRecord.setPassword(),1
APICall::Landroid/view/accessibility/AccessibilityRecord.setRemovedCount(),1
APICall::Landroid/view/accessibility/AccessibilityRecord.setScrollX(),1
APICall::Landroid/view/accessibility/AccessibilityRecord.setScrollY(),1
APICall::Landroid/view/accessibility/AccessibilityRecord.setScrollable(),1
APICall::Landroid/view/accessibility/AccessibilityRecord.setSource(),1
APICall::Landroid/view/accessibility/AccessibilityRecord.setToIndex(),1
APICall::Landroid/view/accessibility/AccessibilityWindowInfo.<init>(),1
APICall::Landroid/view/accessibility/AccessibilityWindowInfo.getAnchor(),1
APICall::Landroid/view/accessibility/AccessibilityWindowInfo.getBoundsInScreen(),1
APICall::Landroid/view/accessibility/AccessibilityWindowInfo.getChild(),1
APICall::Landroid/view/accessibility/AccessibilityWindowInfo.getChildCount(),1
APICall::Landroid/view/accessibility/AccessibilityWindowInfo.getDisplayId(),1
APICall::Landroid/view/accessibility/AccessibilityWindowInfo.getId(),1
APICall::Landroid/view/accessibility/AccessibilityWindowInfo.getLayer(),1
APICall::Landroid/view/accessibility/AccessibilityWindowInfo.getLocales(),1
APICall::Landroid/view/accessibility/AccessibilityWindowInfo.getParent(),1
APICall::Landroid/view/accessibility/AccessibilityWindowInfo.getRegionInScreen(),1
APICall::Landroid/view/accessibility/AccessibilityWindowInfo.getRoot(),1
APICall::Landroid/view/accessibility/AccessibilityWindowInfo.getTitle(),1
APICall::Landroid/view/accessibility/AccessibilityWindowInfo.getTransitionTimeMillis(),1
APICall::Landroid/view/accessibility/AccessibilityWindowInfo.getType(),1
APICall::Landroid/view/accessibility/AccessibilityWindowInfo.isAccessibilityFocused(),1
APICall::Landroid/view/accessibility/AccessibilityWindowInfo.isActive(),1
APICall::Landroid/view/accessibility/AccessibilityWindowInfo.isFocused(),1
APICall::Landroid/view/accessibility/AccessibilityWindowInfo.isInPictureInPictureMode(),1
APICall::Landroid/view/accessibility/AccessibilityWindowInfo.obtain(),1
APICall::Landroid/view/animation/AccelerateDecelerateInterpolator.<init>(),1
APICall::Landroid/view/animation/AccelerateInterpolator.<init>(),1
APICall::Landroid/view/animation/Animation.setAnimationListener(),1
APICall::Landroid/view/animation/AnimationSet.<init>(),1
APICall::Landroid/view/animation/AnimationSet.getTransformation(),1
APICall::Landroid/view/animation/AnimationUtils.currentAnimationTimeMillis(),1
APICall::Landroid/view/animation/AnimationUtils.loadAnimation(),1
APICall::Landroid/view/animation/AnimationUtils.loadInterpolator(),1
APICall::Landroid/view/animation/AnticipateInterpolator.<init>(),1
APICall::Landroid/view/animation/AnticipateOvershootInterpolator.<init>(),1
APICall::Landroid/view/animation/BounceInterpolator.<init>(),1
APICall::Landroid/view/animation/CycleInterpolator.<init>(),1
APICall::Landroid/view/animation/DecelerateInterpolator.<init>(),1
APICall::Landroid/view/animation/Interpolator.getInterpolation(),1
APICall::Landroid/view/animation/LinearInterpolator.<init>(),1
APICall::Landroid/view/animation/OvershootInterpolator.<init>(),1
APICall::Landroid/view/animation/PathInterpolator.<init>(),1
APICall::Landroid/view/autofill/AutofillManager.notifyValueChanged(),1
APICall::Landroid/view/contentcapture/ContentCaptureSession.newAutofillId(),1
APICall::Landroid/view/contentcapture/ContentCaptureSession.newViewStructure(),1
APICall::Landroid/view/contentcapture/ContentCaptureSession.newVirtualViewStructure(),1
APICall::Landroid/view/contentcapture/ContentCaptureSession.notifyViewAppeared(),1
APICall::Landroid/view/contentcapture/ContentCaptureSession.notifyViewTextChanged(),1
APICall::Landroid/view/contentcapture/ContentCaptureSession.notifyViewsAppeared(),1
APICall::Landroid/view/contentcapture/ContentCaptureSession.notifyViewsDisappeared(),1
APICall::Landroid/view/inputmethod/EditorInfo.getInitialSelectedText(),1
APICall::Landroid/view/inputmethod/EditorInfo.getInitialTextAfterCursor(),1
APICall::Landroid/view/inputmethod/EditorInfo.getInitialTextBeforeCursor(),1
APICall::Landroid/view/inputmethod/EditorInfo.setInitialSurroundingSubText(),1
APICall::Landroid/view/inputmethod/InputConnection.beginBatchEdit(),1
APICall::Landroid/view/inputmethod/InputConnection.commitContent(),1
APICall::Landroid/view/inputmethod/InputConnection.endBatchEdit(),1
APICall::Landroid/view/inputmethod/InputConnection.performPrivateCommand(),1
APICall::Landroid/view/inputmethod/InputConnectionWrapper.<init>(),1
APICall::Landroid/view/inputmethod/InputConnectionWrapper.commitContent(),1
APICall::Landroid/view/inputmethod/InputConnectionWrapper.deleteSurroundingText(),1
APICall::Landroid/view/inputmethod/InputConnectionWrapper.deleteSurroundingTextInCodePoints(),1
APICall::Landroid/view/inputmethod/InputConnectionWrapper.performPrivateCommand(),1
APICall::Landroid/view/inputmethod/InputContentInfo.<init>(),1
APICall::Landroid/view/inputmethod/InputContentInfo.getContentUri(),1
APICall::Landroid/view/inputmethod/InputContentInfo.getDescription(),1
APICall::Landroid/view/inputmethod/InputContentInfo.getLinkUri(),1
APICall::Landroid/view/inputmethod/InputContentInfo.releasePermission(),1
APICall::Landroid/view/inputmethod/InputContentInfo.requestPermission(),1
APICall::Landroid/view/inputmethod/InputMethodManager.hideSoftInputFromWindow(),1
APICall::Landroid/view/inputmethod/InputMethodManager.isActive(),1
APICall::Landroid/view/inputmethod/InputMethodManager.showSoftInput(),1
APICall::Landroid/view/inspector/InspectionCompanion$UninitializedPropertyMapException.<init>(),1
APICall::Landroid/view/inspector/PropertyMapper.mapBoolean(),1
APICall::Landroid/view/inspector/PropertyMapper.mapFloat(),1
APICall::Landroid/view/inspector/PropertyMapper.mapGravity(),1
APICall::Landroid/view/inspector/PropertyMapper.mapInt(),1
APICall::Landroid/view/inspector/PropertyMapper.mapIntEnum(),1
APICall::Landroid/view/inspector/PropertyMapper.mapIntFlag(),1
APICall::Landroid/view/inspector/PropertyMapper.mapObject(),1
APICall::Landroid/view/inspector/PropertyMapper.mapResourceId(),1
APICall::Landroid/view/inspector/PropertyReader.readBoolean(),1
APICall::Landroid/view/inspector/PropertyReader.readFloat(),1
APICall::Landroid/view/inspector/PropertyReader.readGravity(),1
APICall::Landroid/view/inspector/PropertyReader.readInt(),1
APICall::Landroid/view/inspector/PropertyReader.readIntEnum(),1
APICall::Landroid/view/inspector/PropertyReader.readIntFlag(),1
APICall::Landroid/view/inspector/PropertyReader.readObject(),1
APICall::Landroid/view/inspector/PropertyReader.readResourceId(),1
APICall::Landroid/view/textclassifier/TextClassificationManager.getTextClassifier(),1
APICall::Landroid/webkit/MimeTypeMap.getMimeTypeFromExtension(),1
APICall::Landroid/webkit/MimeTypeMap.getSingleton(),1
APICall::Landroid/webkit/WebView.findAddress(),1
APICall::Landroid/widget/AbsListView$LayoutParams.<init>(),1
APICall::Landroid/widget/AbsListView.isSelectedChildViewEnabled(),1
APICall::Landroid/widget/AbsListView.setSelectedChildViewEnabled(),1
APICall::Landroid/widget/AdapterView$OnItemClickListener.onItemClick(),1
APICall::Landroid/widget/AdapterView.getAdapter(),1
APICall::Landroid/widget/ArrayAdapter.<init>(),1
APICall::Landroid/widget/ArrayAdapter.getView(),1
APICall::Landroid/widget/ArrayAdapter.setDropDownViewResource(),1
APICall::Landroid/widget/AutoCompleteTextView.<init>(),1
APICall::Landroid/widget/AutoCompleteTextView.dismissDropDown(),1
APICall::Landroid/widget/AutoCompleteTextView.drawableStateChanged(),1
APICall::Landroid/widget/AutoCompleteTextView.getCustomSelectionActionModeCallback(),1
APICall::Landroid/widget/AutoCompleteTextView.getDropDownBackground(),1
APICall::Landroid/widget/AutoCompleteTextView.getInputType(),1
APICall::Landroid/widget/AutoCompleteTextView.isClickable(),1
APICall::Landroid/widget/AutoCompleteTextView.isFocusable(),1
APICall::Landroid/widget/AutoCompleteTextView.isLongClickable(),1
APICall::Landroid/widget/AutoCompleteTextView.isPopupShowing(),1
APICall::Landroid/widget/AutoCompleteTextView.onCreateInputConnection(),1
APICall::Landroid/widget/AutoCompleteTextView.post(),1
APICall::Landroid/widget/AutoCompleteTextView.refreshAutoCompleteResults(),1
APICall::Landroid/widget/AutoCompleteTextView.requestFocus(),1
APICall::Landroid/widget/AutoCompleteTextView.setBackgroundDrawable(),1
APICall::Landroid/widget/AutoCompleteTextView.setBackgroundResource(),1
APICall::Landroid/widget/AutoCompleteTextView.setClickable(),1
APICall::Landroid/widget/AutoCompleteTextView.setCompoundDrawables(),1
APICall::Landroid/widget/AutoCompleteTextView.setCompoundDrawablesRelative(),1
APICall::Landroid/widget/AutoCompleteTextView.setCustomSelectionActionModeCallback(),1
APICall::Landroid/widget/AutoCompleteTextView.setDropDownBackgroundDrawable(),1
APICall::Landroid/widget/AutoCompleteTextView.setFocusable(),1
APICall::Landroid/widget/AutoCompleteTextView.setKeyListener(),1
APICall::Landroid/widget/AutoCompleteTextView.setLongClickable(),1
APICall::Landroid/widget/AutoCompleteTextView.setOnDismissListener(),1
APICall::Landroid/widget/AutoCompleteTextView.setOnTouchListener(),1
APICall::Landroid/widget/AutoCompleteTextView.setRawInputType(),1
APICall::Landroid/widget/AutoCompleteTextView.setTextAppearance(),1
APICall::Landroid/widget/AutoCompleteTextView.setThreshold(),1
APICall::Landroid/widget/AutoCompleteTextView.showDropDown(),1
APICall::Landroid/widget/BaseAdapter.<init>(),1
APICall::Landroid/widget/BaseAdapter.notifyDataSetChanged(),1
APICall::Landroid/widget/Button.<init>(),1
APICall::Landroid/widget/Button.animate(),1
APICall::Landroid/widget/Button.drawableStateChanged(),1
APICall::Landroid/widget/Button.getAutoSizeMaxTextSize(),1
APICall::Landroid/widget/Button.getAutoSizeMinTextSize(),1
APICall::Landroid/widget/Button.getAutoSizeStepGranularity(),1
APICall::Landroid/widget/Button.getAutoSizeTextAvailableSizes(),1
APICall::Landroid/widget/Button.getAutoSizeTextType(),1
APICall::Landroid/widget/Button.getCurrentTextColor(),1
APICall::Landroid/widget/Button.getCustomSelectionActionModeCallback(),1
APICall::Landroid/widget/Button.getLayoutParams(),1
APICall::Landroid/widget/Button.getMeasuredWidth(),1
APICall::Landroid/widget/Button.getVisibility(),1
APICall::Landroid/widget/Button.onInitializeAccessibilityEvent(),1
APICall::Landroid/widget/Button.onInitializeAccessibilityNodeInfo(),1
APICall::Landroid/widget/Button.onLayout(),1
APICall::Landroid/widget/Button.onTextChanged(),1
APICall::Landroid/widget/Button.setAllCaps(),1
APICall::Landroid/widget/Button.setAlpha(),1
APICall::Landroid/widget/Button.setAutoSizeTextTypeUniformWithConfiguration(),1
APICall::Landroid/widget/Button.setAutoSizeTextTypeUniformWithPresetSizes(),1
APICall::Landroid/widget/Button.setAutoSizeTextTypeWithDefaults(),1
APICall::Landroid/widget/Button.setBackgroundDrawable(),1
APICall::Landroid/widget/Button.setBackgroundResource(),1
APICall::Landroid/widget/Button.setCompoundDrawables(),1
APICall::Landroid/widget/Button.setContentDescription(),1
APICall::Landroid/widget/Button.setCustomSelectionActionModeCallback(),1
APICall::Landroid/widget/Button.setEnabled(),1
APICall::Landroid/widget/Button.setFilters(),1
APICall::Landroid/widget/Button.setLayoutParams(),1
APICall::Landroid/widget/Button.setOnClickListener(),1
APICall::Landroid/widget/Button.setTag(),1
APICall::Landroid/widget/Button.setText(),1
APICall::Landroid/widget/Button.setTextAppearance(),1
APICall::Landroid/widget/Button.setTextColor(),1
APICall::Landroid/widget/Button.setTextSize(),1
APICall::Landroid/widget/Button.setVisibility(),1
APICall::Landroid/widget/CheckBox.<init>(),1
APICall::Landroid/widget/CheckBox.drawableStateChanged(),1
APICall::Landroid/widget/CheckBox.setAllCaps(),1
APICall::Landroid/widget/CheckBox.setBackgroundDrawable(),1
APICall::Landroid/widget/CheckBox.setBackgroundResource(),1
APICall::Landroid/widget/CheckBox.setButtonDrawable(),1
APICall::Landroid/widget/CheckBox.setCompoundDrawables(),1
APICall::Landroid/widget/CheckBox.setCompoundDrawablesRelative(),1
APICall::Landroid/widget/CheckBox.setFilters(),1
APICall::Landroid/widget/CheckBox.setVisibility(),1
APICall::Landroid/widget/Checkable.isChecked(),1
APICall::Landroid/widget/CheckedTextView.<init>(),1
APICall::Landroid/widget/CheckedTextView.drawableStateChanged(),1
APICall::Landroid/widget/CheckedTextView.getCheckMarkDrawable(),1
APICall::Landroid/widget/CheckedTextView.getCheckMarkTintList(),1
APICall::Landroid/widget/CheckedTextView.getCheckMarkTintMode(),1
APICall::Landroid/widget/CheckedTextView.getContext(),1
APICall::Landroid/widget/CheckedTextView.getCustomSelectionActionModeCallback(),1
APICall::Landroid/widget/CheckedTextView.getDrawableState(),1
APICall::Landroid/widget/CheckedTextView.getTypeface(),1
APICall::Landroid/widget/CheckedTextView.onCreateInputConnection(),1
APICall::Landroid/widget/CheckedTextView.setAllCaps(),1
APICall::Landroid/widget/CheckedTextView.setBackgroundDrawable(),1
APICall::Landroid/widget/CheckedTextView.setBackgroundResource(),1
APICall::Landroid/widget/CheckedTextView.setCheckMarkDrawable(),1
APICall::Landroid/widget/CheckedTextView.setCheckMarkTintList(),1
APICall::Landroid/widget/CheckedTextView.setCheckMarkTintMode(),1
APICall::Landroid/widget/CheckedTextView.setChecked(),1
APICall::Landroid/widget/CheckedTextView.setCompoundDrawablePadding(),1
APICall::Landroid/widget/CheckedTextView.setCompoundDrawables(),1
APICall::Landroid/widget/CheckedTextView.setCompoundDrawablesRelative(),1
APICall::Landroid/widget/CheckedTextView.setCustomSelectionActionModeCallback(),1
APICall::Landroid/widget/CheckedTextView.setMaxLines(),1
APICall::Landroid/widget/CheckedTextView.setText(),1
APICall::Landroid/widget/CheckedTextView.setTextAppearance(),1
APICall::Landroid/widget/CheckedTextView.setTextColor(),1
APICall::Landroid/widget/CheckedTextView.setTypeface(),1
APICall::Landroid/widget/CheckedTextView.setVisibility(),1
APICall::Landroid/widget/CompoundButton$OnCheckedChangeListener.onCheckedChanged(),1
APICall::Landroid/widget/CompoundButton.<init>(),1
APICall::Landroid/widget/CompoundButton.draw(),1
APICall::Landroid/widget/CompoundButton.drawableHotspotChanged(),1
APICall::Landroid/widget/CompoundButton.drawableStateChanged(),1
APICall::Landroid/widget/CompoundButton.getButtonDrawable(),1
APICall::Landroid/widget/CompoundButton.getButtonTintList(),1
APICall::Landroid/widget/CompoundButton.getButtonTintMode(),1
APICall::Landroid/widget/CompoundButton.getCompoundPaddingLeft(),1
APICall::Landroid/widget/CompoundButton.getCompoundPaddingRight(),1
APICall::Landroid/widget/CompoundButton.getContext(),1
APICall::Landroid/widget/CompoundButton.getCustomSelectionActionModeCallback(),1
APICall::Landroid/widget/CompoundButton.getDrawableState(),1
APICall::Landroid/widget/CompoundButton.getVisibility(),1
APICall::Landroid/widget/CompoundButton.jumpDrawablesToCurrentState(),1
APICall::Landroid/widget/CompoundButton.onCreateDrawableState(),1
APICall::Landroid/widget/CompoundButton.onDraw(),1
APICall::Landroid/widget/CompoundButton.onInitializeAccessibilityEvent(),1
APICall::Landroid/widget/CompoundButton.onInitializeAccessibilityNodeInfo(),1
APICall::Landroid/widget/CompoundButton.onLayout(),1
APICall::Landroid/widget/CompoundButton.onMeasure(),1
APICall::Landroid/widget/CompoundButton.onPopulateAccessibilityEvent(),1
APICall::Landroid/widget/CompoundButton.onTouchEvent(),1
APICall::Landroid/widget/CompoundButton.setAllCaps(),1
APICall::Landroid/widget/CompoundButton.setButtonDrawable(),1
APICall::Landroid/widget/CompoundButton.setButtonTintList(),1
APICall::Landroid/widget/CompoundButton.setButtonTintMode(),1
APICall::Landroid/widget/CompoundButton.setChecked(),1
APICall::Landroid/widget/CompoundButton.setCustomSelectionActionModeCallback(),1
APICall::Landroid/widget/CompoundButton.setFilters(),1
APICall::Landroid/widget/CompoundButton.setVisibility(),1
APICall::Landroid/widget/CompoundButton.verifyDrawable(),1
APICall::Landroid/widget/CursorAdapter.<init>(),1
APICall::Landroid/widget/EdgeEffect.<init>(),1
APICall::Landroid/widget/EdgeEffect.draw(),1
APICall::Landroid/widget/EdgeEffect.finish(),1
APICall::Landroid/widget/EdgeEffect.getDistance(),1
APICall::Landroid/widget/EdgeEffect.isFinished(),1
APICall::Landroid/widget/EdgeEffect.onAbsorb(),1
APICall::Landroid/widget/EdgeEffect.onPull(),1
APICall::Landroid/widget/EdgeEffect.onPullDistance(),1
APICall::Landroid/widget/EdgeEffect.onRelease(),1
APICall::Landroid/widget/EdgeEffect.setSize(),1
APICall::Landroid/widget/EditText.<init>(),1
APICall::Landroid/widget/EditText.addTextChangedListener(),1
APICall::Landroid/widget/EditText.clearFocus(),1
APICall::Landroid/widget/EditText.drawableStateChanged(),1
APICall::Landroid/widget/EditText.getBackground(),1
APICall::Landroid/widget/EditText.getBaseline(),1
APICall::Landroid/widget/EditText.getCompoundDrawablesRelative(),1
APICall::Landroid/widget/EditText.getCompoundPaddingBottom(),1
APICall::Landroid/widget/EditText.getCompoundPaddingLeft(),1
APICall::Landroid/widget/EditText.getCompoundPaddingRight(),1
APICall::Landroid/widget/EditText.getCompoundPaddingTop(),1
APICall::Landroid/widget/EditText.getContext(),1
APICall::Landroid/widget/EditText.getCustomSelectionActionModeCallback(),1
APICall::Landroid/widget/EditText.getEditableText(),1
APICall::Landroid/widget/EditText.getFilters(),1
APICall::Landroid/widget/EditText.getGravity(),1
APICall::Landroid/widget/EditText.getHeight(),1
APICall::Landroid/widget/EditText.getHint(),1
APICall::Landroid/widget/EditText.getHintTextColors(),1
APICall::Landroid/widget/EditText.getId(),1
APICall::Landroid/widget/EditText.getInputType(),1
APICall::Landroid/widget/EditText.getLetterSpacing(),1
APICall::Landroid/widget/EditText.getLineCount(),1
APICall::Landroid/widget/EditText.getMeasuredHeight(),1
APICall::Landroid/widget/EditText.getMeasuredWidth(),1
APICall::Landroid/widget/EditText.getMinLines(),1
APICall::Landroid/widget/EditText.getMinimumHeight(),1
APICall::Landroid/widget/EditText.getOnFocusChangeListener(),1
APICall::Landroid/widget/EditText.getPaddingBottom(),1
APICall::Landroid/widget/EditText.getPaddingEnd(),1
APICall::Landroid/widget/EditText.getPaddingLeft(),1
APICall::Landroid/widget/EditText.getPaddingRight(),1
APICall::Landroid/widget/EditText.getPaddingStart(),1
APICall::Landroid/widget/EditText.getPaddingTop(),1
APICall::Landroid/widget/EditText.getSelectionEnd(),1
APICall::Landroid/widget/EditText.getSelectionStart(),1
APICall::Landroid/widget/EditText.getText(),1
APICall::Landroid/widget/EditText.getTextClassifier(),1
APICall::Landroid/widget/EditText.getTextCursorDrawable(),1
APICall::Landroid/widget/EditText.getTextSize(),1
APICall::Landroid/widget/EditText.getTransformationMethod(),1
APICall::Landroid/widget/EditText.getTypeface(),1
APICall::Landroid/widget/EditText.getWidth(),1
APICall::Landroid/widget/EditText.hasFocus(),1
APICall::Landroid/widget/EditText.isAttachedToWindow(),1
APICall::Landroid/widget/EditText.isClickable(),1
APICall::Landroid/widget/EditText.isFocusable(),1
APICall::Landroid/widget/EditText.isFocused(),1
APICall::Landroid/widget/EditText.isHovered(),1
APICall::Landroid/widget/EditText.isInEditMode(),1
APICall::Landroid/widget/EditText.isLongClickable(),1
APICall::Landroid/widget/EditText.length(),1
APICall::Landroid/widget/EditText.onCreateInputConnection(),1
APICall::Landroid/widget/EditText.onDetachedFromWindow(),1
APICall::Landroid/widget/EditText.onDragEvent(),1
APICall::Landroid/widget/EditText.onTextContextMenuItem(),1
APICall::Landroid/widget/EditText.post(),1
APICall::Landroid/widget/EditText.postDelayed(),1
APICall::Landroid/widget/EditText.refreshDrawableState(),1
APICall::Landroid/widget/EditText.removeTextChangedListener(),1
APICall::Landroid/widget/EditText.requestFocus(),1
APICall::Landroid/widget/EditText.requestLayout(),1
APICall::Landroid/widget/EditText.sendAccessibilityEvent(),1
APICall::Landroid/widget/EditText.setAccessibilityDelegate(),1
APICall::Landroid/widget/EditText.setAlpha(),1
APICall::Landroid/widget/EditText.setBackground(),1
APICall::Landroid/widget/EditText.setBackgroundDrawable(),1
APICall::Landroid/widget/EditText.setBackgroundResource(),1
APICall::Landroid/widget/EditText.setClickable(),1
APICall::Landroid/widget/EditText.setClipBounds(),1
APICall::Landroid/widget/EditText.setCompoundDrawables(),1
APICall::Landroid/widget/EditText.setCompoundDrawablesRelative(),1
APICall::Landroid/widget/EditText.setCursorVisible(),1
APICall::Landroid/widget/EditText.setCustomSelectionActionModeCallback(),1
APICall::Landroid/widget/EditText.setEditableFactory(),1
APICall::Landroid/widget/EditText.setEnabled(),1
APICall::Landroid/widget/EditText.setFilters(),1
APICall::Landroid/widget/EditText.setFocusable(),1
APICall::Landroid/widget/EditText.setHint(),1
APICall::Landroid/widget/EditText.setHintTextColor(),1
APICall::Landroid/widget/EditText.setId(),1
APICall::Landroid/widget/EditText.setImeHintLocales(),1
APICall::Landroid/widget/EditText.setImeOptions(),1
APICall::Landroid/widget/EditText.setInputType(),1
APICall::Landroid/widget/EditText.setIsHandwritingDelegate(),1
APICall::Landroid/widget/EditText.setKeyListener(),1
APICall::Landroid/widget/EditText.setLongClickable(),1
APICall::Landroid/widget/EditText.setMaxEms(),1
APICall::Landroid/widget/EditText.setMaxWidth(),1
APICall::Landroid/widget/EditText.setMinEms(),1
APICall::Landroid/widget/EditText.setMinWidth(),1
APICall::Landroid/widget/EditText.setMinimumHeight(),1
APICall::Landroid/widget/EditText.setOnEditorActionListener(),1
APICall::Landroid/widget/EditText.setOnFocusChangeListener(),1
APICall::Landroid/widget/EditText.setOnKeyListener(),1
APICall::Landroid/widget/EditText.setPaddingRelative(),1
APICall::Landroid/widget/EditText.setRawInputType(),1
APICall::Landroid/widget/EditText.setSaveEnabled(),1
APICall::Landroid/widget/EditText.setSelection(),1
APICall::Landroid/widget/EditText.setText(),1
APICall::Landroid/widget/EditText.setTextAppearance(),1
APICall::Landroid/widget/EditText.setTextClassifier(),1
APICall::Landroid/widget/EditText.setTransformationMethod(),1
APICall::Landroid/widget/EditText.setVisibility(),1
APICall::Landroid/widget/Filter$FilterResults.<init>(),1
APICall::Landroid/widget/Filter.<init>(),1
APICall::Landroid/widget/FilterQueryProvider.runQuery(),1
APICall::Landroid/widget/FrameLayout$LayoutParams.<init>(),1
APICall::Landroid/widget/FrameLayout.<init>(),1
APICall::Landroid/widget/FrameLayout.addOnLayoutChangeListener(),1
APICall::Landroid/widget/FrameLayout.addView(),1
APICall::Landroid/widget/FrameLayout.computeHorizontalScrollExtent(),1
APICall::Landroid/widget/FrameLayout.computeHorizontalScrollOffset(),1
APICall::Landroid/widget/FrameLayout.computeHorizontalScrollRange(),1
APICall::Landroid/widget/FrameLayout.computeVerticalScrollExtent(),1
APICall::Landroid/widget/FrameLayout.computeVerticalScrollOffset(),1
APICall::Landroid/widget/FrameLayout.dispatchDraw(),1
APICall::Landroid/widget/FrameLayout.dispatchKeyEvent(),1
APICall::Landroid/widget/FrameLayout.dispatchTouchEvent(),1
APICall::Landroid/widget/FrameLayout.draw(),1
APICall::Landroid/widget/FrameLayout.drawChild(),1
APICall::Landroid/widget/FrameLayout.drawableStateChanged(),1
APICall::Landroid/widget/FrameLayout.endViewTransition(),1
APICall::Landroid/widget/FrameLayout.findViewById(),1
APICall::Landroid/widget/FrameLayout.fitSystemWindows(),1
APICall::Landroid/widget/FrameLayout.getChildAt(),1
APICall::Landroid/widget/FrameLayout.getChildCount(),1
APICall::Landroid/widget/FrameLayout.getHeight(),1
APICall::Landroid/widget/FrameLayout.getId(),1
APICall::Landroid/widget/FrameLayout.getLayoutDirection(),1
APICall::Landroid/widget/FrameLayout.getLayoutParams(),1
APICall::Landroid/widget/FrameLayout.getMeasuredHeight(),1
APICall::Landroid/widget/FrameLayout.getMeasuredWidth(),1
APICall::Landroid/widget/FrameLayout.getParent(),1
APICall::Landroid/widget/FrameLayout.getTop(),1
APICall::Landroid/widget/FrameLayout.getVisibility(),1
APICall::Landroid/widget/FrameLayout.isLaidOut(),1
APICall::Landroid/widget/FrameLayout.isOpaque(),1
APICall::Landroid/widget/FrameLayout.jumpDrawablesToCurrentState(),1
APICall::Landroid/widget/FrameLayout.layout(),1
APICall::Landroid/widget/FrameLayout.onAttachedToWindow(),1
APICall::Landroid/widget/FrameLayout.onConfigurationChanged(),1
APICall::Landroid/widget/FrameLayout.onCreateDrawableState(),1
APICall::Landroid/widget/FrameLayout.onDetachedFromWindow(),1
APICall::Landroid/widget/FrameLayout.onFinishInflate(),1
APICall::Landroid/widget/FrameLayout.onHoverEvent(),1
APICall::Landroid/widget/FrameLayout.onInitializeAccessibilityNodeInfo(),1
APICall::Landroid/widget/FrameLayout.onInterceptTouchEvent(),1
APICall::Landroid/widget/FrameLayout.onLayout(),1
APICall::Landroid/widget/FrameLayout.onMeasure(),1
APICall::Landroid/widget/FrameLayout.onRestoreInstanceState(),1
APICall::Landroid/widget/FrameLayout.onSaveInstanceState(),1
APICall::Landroid/widget/FrameLayout.onScrollChanged(),1
APICall::Landroid/widget/FrameLayout.onSizeChanged(),1
APICall::Landroid/widget/FrameLayout.onTouchEvent(),1
APICall::Landroid/widget/FrameLayout.onViewAdded(),1
APICall::Landroid/widget/FrameLayout.onViewRemoved(),1
APICall::Landroid/widget/FrameLayout.removeAllViews(),1
APICall::Landroid/widget/FrameLayout.removeAllViewsInLayout(),1
APICall::Landroid/widget/FrameLayout.removeOnLayoutChangeListener(),1
APICall::Landroid/widget/FrameLayout.removeView(),1
APICall::Landroid/widget/FrameLayout.removeViewAt(),1
APICall::Landroid/widget/FrameLayout.removeViewInLayout(),1
APICall::Landroid/widget/FrameLayout.removeViews(),1
APICall::Landroid/widget/FrameLayout.removeViewsInLayout(),1
APICall::Landroid/widget/FrameLayout.requestChildFocus(),1
APICall::Landroid/widget/FrameLayout.requestDisallowInterceptTouchEvent(),1
APICall::Landroid/widget/FrameLayout.requestLayout(),1
APICall::Landroid/widget/FrameLayout.scrollTo(),1
APICall::Landroid/widget/FrameLayout.setAccessibilityDelegate(),1
APICall::Landroid/widget/FrameLayout.setAddStatesFromChildren(),1
APICall::Landroid/widget/FrameLayout.setBackgroundDrawable(),1
APICall::Landroid/widget/FrameLayout.setContentDescription(),1
APICall::Landroid/widget/FrameLayout.setElevation(),1
APICall::Landroid/widget/FrameLayout.setEnabled(),1
APICall::Landroid/widget/FrameLayout.setFitsSystemWindows(),1
APICall::Landroid/widget/FrameLayout.setForeground(),1
APICall::Landroid/widget/FrameLayout.setId(),1
APICall::Landroid/widget/FrameLayout.setLayoutParams(),1
APICall::Landroid/widget/FrameLayout.setMinimumHeight(),1
APICall::Landroid/widget/FrameLayout.setMinimumWidth(),1
APICall::Landroid/widget/FrameLayout.setOnClickListener(),1
APICall::Landroid/widget/FrameLayout.setOnLongClickListener(),1
APICall::Landroid/widget/FrameLayout.setOnTouchListener(),1
APICall::Landroid/widget/FrameLayout.setPadding(),1
APICall::Landroid/widget/FrameLayout.setSaveEnabled(),1
APICall::Landroid/widget/FrameLayout.setVisibility(),1
APICall::Landroid/widget/FrameLayout.startActionModeForChild(),1
APICall::Landroid/widget/FrameLayout.startViewTransition(),1
APICall::Landroid/widget/FrameLayout.verifyDrawable(),1
APICall::Landroid/widget/GridLayout.<init>(),1
APICall::Landroid/widget/GridLayout.draw(),1
APICall::Landroid/widget/GridLayout.isOpaque(),1
APICall::Landroid/widget/GridView.<init>(),1
APICall::Landroid/widget/GridView.getAdapter(),1
APICall::Landroid/widget/GridView.onAttachedToWindow(),1
APICall::Landroid/widget/GridView.onDraw(),1
APICall::Landroid/widget/GridView.onFocusChanged(),1
APICall::Landroid/widget/GridView.onKeyDown(),1
APICall::Landroid/widget/GridView.onMeasure(),1
APICall::Landroid/widget/GridView.setAdapter(),1
APICall::Landroid/widget/GridView.setEnabled(),1
APICall::Landroid/widget/GridView.setNumColumns(),1
APICall::Landroid/widget/GridView.setSelection(),1
APICall::Landroid/widget/HeaderViewListAdapter.getHeadersCount(),1
APICall::Landroid/widget/HeaderViewListAdapter.getWrappedAdapter(),1
APICall::Landroid/widget/HorizontalScrollView.<init>(),1
APICall::Landroid/widget/HorizontalScrollView.addView(),1
APICall::Landroid/widget/HorizontalScrollView.onAttachedToWindow(),1
APICall::Landroid/widget/HorizontalScrollView.onConfigurationChanged(),1
APICall::Landroid/widget/HorizontalScrollView.onDetachedFromWindow(),1
APICall::Landroid/widget/HorizontalScrollView.onDraw(),1
APICall::Landroid/widget/HorizontalScrollView.onInitializeAccessibilityNodeInfo(),1
APICall::Landroid/widget/HorizontalScrollView.onInterceptTouchEvent(),1
APICall::Landroid/widget/HorizontalScrollView.onMeasure(),1
APICall::Landroid/widget/HorizontalScrollView.onTouchEvent(),1
APICall::Landroid/widget/HorizontalScrollView.setElevation(),1
APICall::Landroid/widget/ImageButton.<init>(),1
APICall::Landroid/widget/ImageButton.drawableStateChanged(),1
APICall::Landroid/widget/ImageButton.getBackground(),1
APICall::Landroid/widget/ImageButton.getContentDescription(),1
APICall::Landroid/widget/ImageButton.getDrawable(),1
APICall::Landroid/widget/ImageButton.getMeasuredHeight(),1
APICall::Landroid/widget/ImageButton.getMeasuredState(),1
APICall::Landroid/widget/ImageButton.getMeasuredWidth(),1
APICall::Landroid/widget/ImageButton.getParent(),1
APICall::Landroid/widget/ImageButton.hasOverlappingRendering(),1
APICall::Landroid/widget/ImageButton.setAlpha(),1
APICall::Landroid/widget/ImageButton.setBackgroundDrawable(),1
APICall::Landroid/widget/ImageButton.setBackgroundResource(),1
APICall::Landroid/widget/ImageButton.setClickable(),1
APICall::Landroid/widget/ImageButton.setContentDescription(),1
APICall::Landroid/widget/ImageButton.setFocusable(),1
APICall::Landroid/widget/ImageButton.setImageBitmap(),1
APICall::Landroid/widget/ImageButton.setImageDrawable(),1
APICall::Landroid/widget/ImageButton.setImageLevel(),1
APICall::Landroid/widget/ImageButton.setImageURI(),1
APICall::Landroid/widget/ImageButton.setLayoutParams(),1
APICall::Landroid/widget/ImageButton.setOnClickListener(),1
APICall::Landroid/widget/ImageButton.setVisibility(),1
APICall::Landroid/widget/ImageView$ScaleType.ordinal(),1
APICall::Landroid/widget/ImageView$ScaleType.toString(),1
APICall::Landroid/widget/ImageView$ScaleType.valueOf(),1
APICall::Landroid/widget/ImageView$ScaleType.values(),1
APICall::Landroid/widget/ImageView.<init>(),1
APICall::Landroid/widget/ImageView.animateTransform(),1
APICall::Landroid/widget/ImageView.clearColorFilter(),1
APICall::Landroid/widget/ImageView.drawableStateChanged(),1
APICall::Landroid/widget/ImageView.getBackground(),1
APICall::Landroid/widget/ImageView.getContentDescription(),1
APICall::Landroid/widget/ImageView.getContext(),1
APICall::Landroid/widget/ImageView.getDrawable(),1
APICall::Landroid/widget/ImageView.getDrawableState(),1
APICall::Landroid/widget/ImageView.getHeight(),1
APICall::Landroid/widget/ImageView.getImageMatrix(),1
APICall::Landroid/widget/ImageView.getImageTintList(),1
APICall::Landroid/widget/ImageView.getImageTintMode(),1
APICall::Landroid/widget/ImageView.getLayoutParams(),1
APICall::Landroid/widget/ImageView.getMeasuredHeight(),1
APICall::Landroid/widget/ImageView.getMeasuredState(),1
APICall::Landroid/widget/ImageView.getMeasuredWidth(),1
APICall::Landroid/widget/ImageView.getPaddingBottom(),1
APICall::Landroid/widget/ImageView.getPaddingLeft(),1
APICall::Landroid/widget/ImageView.getPaddingRight(),1
APICall::Landroid/widget/ImageView.getPaddingTop(),1
APICall::Landroid/widget/ImageView.getScaleType(),1
APICall::Landroid/widget/ImageView.getTag(),1
APICall::Landroid/widget/ImageView.getVisibility(),1
APICall::Landroid/widget/ImageView.getWidth(),1
APICall::Landroid/widget/ImageView.hasOverlappingRendering(),1
APICall::Landroid/widget/ImageView.invalidate(),1
APICall::Landroid/widget/ImageView.layout(),1
APICall::Landroid/widget/ImageView.measure(),1
APICall::Landroid/widget/ImageView.requestLayout(),1
APICall::Landroid/widget/ImageView.setAdjustViewBounds(),1
APICall::Landroid/widget/ImageView.setBackgroundDrawable(),1
APICall::Landroid/widget/ImageView.setBackgroundResource(),1
APICall::Landroid/widget/ImageView.setColorFilter(),1
APICall::Landroid/widget/ImageView.setContentDescription(),1
APICall::Landroid/widget/ImageView.setEnabled(),1
APICall::Landroid/widget/ImageView.setImageBitmap(),1
APICall::Landroid/widget/ImageView.setImageDrawable(),1
APICall::Landroid/widget/ImageView.setImageLevel(),1
APICall::Landroid/widget/ImageView.setImageMatrix(),1
APICall::Landroid/widget/ImageView.setImageResource(),1
APICall::Landroid/widget/ImageView.setImageTintList(),1
APICall::Landroid/widget/ImageView.setImageTintMode(),1
APICall::Landroid/widget/ImageView.setImageURI(),1
APICall::Landroid/widget/ImageView.setLayoutParams(),1
APICall::Landroid/widget/ImageView.setOnClickListener(),1
APICall::Landroid/widget/ImageView.setScaleType(),1
APICall::Landroid/widget/ImageView.setSelected(),1
APICall::Landroid/widget/ImageView.setTag(),1
APICall::Landroid/widget/ImageView.setVisibility(),1
APICall::Landroid/widget/LinearLayout$LayoutParams.<init>(),1
APICall::Landroid/widget/LinearLayout$LayoutParams.setMarginEnd(),1
APICall::Landroid/widget/LinearLayout$LayoutParams.setMarginStart(),1
APICall::Landroid/widget/LinearLayout.<init>(),1
APICall::Landroid/widget/LinearLayout.addOnLayoutChangeListener(),1
APICall::Landroid/widget/LinearLayout.addView(),1
APICall::Landroid/widget/LinearLayout.dispatchDraw(),1
APICall::Landroid/widget/LinearLayout.dispatchProvideAutofillStructure(),1
APICall::Landroid/widget/LinearLayout.dispatchRestoreInstanceState(),1
APICall::Landroid/widget/LinearLayout.draw(),1
APICall::Landroid/widget/LinearLayout.drawableStateChanged(),1
APICall::Landroid/widget/LinearLayout.findViewById(),1
APICall::Landroid/widget/LinearLayout.fitSystemWindows(),1
APICall::Landroid/widget/LinearLayout.getBaseline(),1
APICall::Landroid/widget/LinearLayout.getChildAt(),1
APICall::Landroid/widget/LinearLayout.getChildCount(),1
APICall::Landroid/widget/LinearLayout.getContext(),1
APICall::Landroid/widget/LinearLayout.getFocusedChild(),1
APICall::Landroid/widget/LinearLayout.getLayoutParams(),1
APICall::Landroid/widget/LinearLayout.getLeft(),1
APICall::Landroid/widget/LinearLayout.getMeasuredHeight(),1
APICall::Landroid/widget/LinearLayout.getMeasuredWidth(),1
APICall::Landroid/widget/LinearLayout.getParent(),1
APICall::Landroid/widget/LinearLayout.getResources(),1
APICall::Landroid/widget/LinearLayout.getVisibility(),1
APICall::Landroid/widget/LinearLayout.isOpaque(),1
APICall::Landroid/widget/LinearLayout.measure(),1
APICall::Landroid/widget/LinearLayout.onAttachedToWindow(),1
APICall::Landroid/widget/LinearLayout.onConfigurationChanged(),1
APICall::Landroid/widget/LinearLayout.onCreateDrawableState(),1
APICall::Landroid/widget/LinearLayout.onDetachedFromWindow(),1
APICall::Landroid/widget/LinearLayout.onFinishInflate(),1
APICall::Landroid/widget/LinearLayout.onInitializeAccessibilityEvent(),1
APICall::Landroid/widget/LinearLayout.onInitializeAccessibilityNodeInfo(),1
APICall::Landroid/widget/LinearLayout.onLayout(),1
APICall::Landroid/widget/LinearLayout.onMeasure(),1
APICall::Landroid/widget/LinearLayout.onRestoreInstanceState(),1
APICall::Landroid/widget/LinearLayout.onRtlPropertiesChanged(),1
APICall::Landroid/widget/LinearLayout.onSaveInstanceState(),1
APICall::Landroid/widget/LinearLayout.onViewRemoved(),1
APICall::Landroid/widget/LinearLayout.performClick(),1
APICall::Landroid/widget/LinearLayout.removeView(),1
APICall::Landroid/widget/LinearLayout.restoreHierarchyState(),1
APICall::Landroid/widget/LinearLayout.saveHierarchyState(),1
APICall::Landroid/widget/LinearLayout.setBackground(),1
APICall::Landroid/widget/LinearLayout.setElevation(),1
APICall::Landroid/widget/LinearLayout.setEnabled(),1
APICall::Landroid/widget/LinearLayout.setGravity(),1
APICall::Landroid/widget/LinearLayout.setId(),1
APICall::Landroid/widget/LinearLayout.setImportantForAccessibility(),1
APICall::Landroid/widget/LinearLayout.setLayoutParams(),1
APICall::Landroid/widget/LinearLayout.setOrientation(),1
APICall::Landroid/widget/LinearLayout.setPaddingRelative(),1
APICall::Landroid/widget/LinearLayout.setSelected(),1
APICall::Landroid/widget/LinearLayout.setVisibility(),1
APICall::Landroid/widget/LinearLayout.verifyDrawable(),1
APICall::Landroid/widget/ListAdapter.areAllItemsEnabled(),1
APICall::Landroid/widget/ListAdapter.getCount(),1
APICall::Landroid/widget/ListAdapter.getItem(),1
APICall::Landroid/widget/ListAdapter.getItemId(),1
APICall::Landroid/widget/ListAdapter.getItemViewType(),1
APICall::Landroid/widget/ListAdapter.getView(),1
APICall::Landroid/widget/ListAdapter.hasStableIds(),1
APICall::Landroid/widget/ListAdapter.isEnabled(),1
APICall::Landroid/widget/ListAdapter.registerDataSetObserver(),1
APICall::Landroid/widget/ListAdapter.unregisterDataSetObserver(),1
APICall::Landroid/widget/ListPopupWindow.createDragToOpenListener(),1
APICall::Landroid/widget/ListView.<init>(),1
APICall::Landroid/widget/ListView.addHeaderView(),1
APICall::Landroid/widget/ListView.canScrollList(),1
APICall::Landroid/widget/ListView.dispatchDraw(),1
APICall::Landroid/widget/ListView.drawableStateChanged(),1
APICall::Landroid/widget/ListView.focusableViewAvailable(),1
APICall::Landroid/widget/ListView.getAdapter(),1
APICall::Landroid/widget/ListView.getChildAt(),1
APICall::Landroid/widget/ListView.getChildCount(),1
APICall::Landroid/widget/ListView.getCount(),1
APICall::Landroid/widget/ListView.getFirstVisiblePosition(),1
APICall::Landroid/widget/ListView.getHeight(),1
APICall::Landroid/widget/ListView.getItemIdAtPosition(),1
APICall::Landroid/widget/ListView.getLocationOnScreen(),1
APICall::Landroid/widget/ListView.getPositionForView(),1
APICall::Landroid/widget/ListView.getSelectedItemId(),1
APICall::Landroid/widget/ListView.getSelectedItemPosition(),1
APICall::Landroid/widget/ListView.getWidth(),1
APICall::Landroid/widget/ListView.hasFocus(),1
APICall::Landroid/widget/ListView.hasWindowFocus(),1
APICall::Landroid/widget/ListView.isFocused(),1
APICall::Landroid/widget/ListView.isInTouchMode(),1
APICall::Landroid/widget/ListView.onDetachedFromWindow(),1
APICall::Landroid/widget/ListView.onHoverEvent(),1
APICall::Landroid/widget/ListView.onTouchEvent(),1
APICall::Landroid/widget/ListView.requestFocus(),1
APICall::Landroid/widget/ListView.scrollListBy(),1
APICall::Landroid/widget/ListView.setAdapter(),1
APICall::Landroid/widget/ListView.setChoiceMode(),1
APICall::Landroid/widget/ListView.setContentDescription(),1
APICall::Landroid/widget/ListView.setDrawSelectorOnTop(),1
APICall::Landroid/widget/ListView.setEmptyView(),1
APICall::Landroid/widget/ListView.setId(),1
APICall::Landroid/widget/ListView.setItemChecked(),1
APICall::Landroid/widget/ListView.setOnItemClickListener(),1
APICall::Landroid/widget/ListView.setOnKeyListener(),1
APICall::Landroid/widget/ListView.setSelection(),1
APICall::Landroid/widget/ListView.setSelector(),1
APICall::Landroid/widget/ListView.setTextAlignment(),1
APICall::Landroid/widget/ListView.setTextDirection(),1
APICall::Landroid/widget/MultiAutoCompleteTextView.<init>(),1
APICall::Landroid/widget/MultiAutoCompleteTextView.drawableStateChanged(),1
APICall::Landroid/widget/MultiAutoCompleteTextView.getInputType(),1
APICall::Landroid/widget/MultiAutoCompleteTextView.isClickable(),1
APICall::Landroid/widget/MultiAutoCompleteTextView.isFocusable(),1
APICall::Landroid/widget/MultiAutoCompleteTextView.isLongClickable(),1
APICall::Landroid/widget/MultiAutoCompleteTextView.onCreateInputConnection(),1
APICall::Landroid/widget/MultiAutoCompleteTextView.setBackgroundDrawable(),1
APICall::Landroid/widget/MultiAutoCompleteTextView.setBackgroundResource(),1
APICall::Landroid/widget/MultiAutoCompleteTextView.setClickable(),1
APICall::Landroid/widget/MultiAutoCompleteTextView.setCompoundDrawables(),1
APICall::Landroid/widget/MultiAutoCompleteTextView.setCompoundDrawablesRelative(),1
APICall::Landroid/widget/MultiAutoCompleteTextView.setFocusable(),1
APICall::Landroid/widget/MultiAutoCompleteTextView.setKeyListener(),1
APICall::Landroid/widget/MultiAutoCompleteTextView.setLongClickable(),1
APICall::Landroid/widget/MultiAutoCompleteTextView.setRawInputType(),1
APICall::Landroid/widget/MultiAutoCompleteTextView.setTextAppearance(),1
APICall::Landroid/widget/OverScroller.<init>(),1
APICall::Landroid/widget/OverScroller.abortAnimation(),1
APICall::Landroid/widget/OverScroller.computeScrollOffset(),1
APICall::Landroid/widget/OverScroller.fling(),1
APICall::Landroid/widget/OverScroller.getCurrVelocity(),1
APICall::Landroid/widget/OverScroller.getCurrX(),1
APICall::Landroid/widget/OverScroller.getCurrY(),1
APICall::Landroid/widget/OverScroller.getFinalX(),1
APICall::Landroid/widget/OverScroller.getFinalY(),1
APICall::Landroid/widget/OverScroller.isFinished(),1
APICall::Landroid/widget/OverScroller.isOverScrolled(),1
APICall::Landroid/widget/OverScroller.notifyHorizontalEdgeReached(),1
APICall::Landroid/widget/OverScroller.notifyVerticalEdgeReached(),1
APICall::Landroid/widget/OverScroller.springBack(),1
APICall::Landroid/widget/OverScroller.startScroll(),1
APICall::Landroid/widget/PopupMenu.getDragToOpenListener(),1
APICall::Landroid/widget/PopupWindow$OnDismissListener.onDismiss(),1
APICall::Landroid/widget/PopupWindow.<init>(),1
APICall::Landroid/widget/PopupWindow.dismiss(),1
APICall::Landroid/widget/PopupWindow.getAnimationStyle(),1
APICall::Landroid/widget/PopupWindow.getBackground(),1
APICall::Landroid/widget/PopupWindow.getContentView(),1
APICall::Landroid/widget/PopupWindow.getHeight(),1
APICall::Landroid/widget/PopupWindow.getInputMethodMode(),1
APICall::Landroid/widget/PopupWindow.getMaxAvailableHeight(),1
APICall::Landroid/widget/PopupWindow.getOverlapAnchor(),1
APICall::Landroid/widget/PopupWindow.getSoftInputMode(),1
APICall::Landroid/widget/PopupWindow.getWidth(),1
APICall::Landroid/widget/PopupWindow.getWindowLayoutType(),1
APICall::Landroid/widget/PopupWindow.isAboveAnchor(),1
APICall::Landroid/widget/PopupWindow.isShowing(),1
APICall::Landroid/widget/PopupWindow.setAnimationStyle(),1
APICall::Landroid/widget/PopupWindow.setBackgroundDrawable(),1
APICall::Landroid/widget/PopupWindow.setContentView(),1
APICall::Landroid/widget/PopupWindow.setEnterTransition(),1
APICall::Landroid/widget/PopupWindow.setEpicenterBounds(),1
APICall::Landroid/widget/PopupWindow.setExitTransition(),1
APICall::Landroid/widget/PopupWindow.setFocusable(),1
APICall::Landroid/widget/PopupWindow.setHeight(),1
APICall::Landroid/widget/PopupWindow.setInputMethodMode(),1
APICall::Landroid/widget/PopupWindow.setIsClippedToScreen(),1
APICall::Landroid/widget/PopupWindow.setOnDismissListener(),1
APICall::Landroid/widget/PopupWindow.setOutsideTouchable(),1
APICall::Landroid/widget/PopupWindow.setOverlapAnchor(),1
APICall::Landroid/widget/PopupWindow.setSoftInputMode(),1
APICall::Landroid/widget/PopupWindow.setTouchInterceptor(),1
APICall::Landroid/widget/PopupWindow.setTouchModal(),1
APICall::Landroid/widget/PopupWindow.setWidth(),1
APICall::Landroid/widget/PopupWindow.setWindowLayoutType(),1
APICall::Landroid/widget/PopupWindow.showAsDropDown(),1
APICall::Landroid/widget/PopupWindow.showAtLocation(),1
APICall::Landroid/widget/PopupWindow.update(),1
APICall::Landroid/widget/ProgressBar.<init>(),1
APICall::Landroid/widget/ProgressBar.getContext(),1
APICall::Landroid/widget/ProgressBar.getIndeterminateDrawable(),1
APICall::Landroid/widget/ProgressBar.getProgressDrawable(),1
APICall::Landroid/widget/ProgressBar.invalidate(),1
APICall::Landroid/widget/ProgressBar.onAttachedToWindow(),1
APICall::Landroid/widget/ProgressBar.onDetachedFromWindow(),1
APICall::Landroid/widget/ProgressBar.onLayout(),1
APICall::Landroid/widget/ProgressBar.onVisibilityChanged(),1
APICall::Landroid/widget/ProgressBar.onWindowVisibilityChanged(),1
APICall::Landroid/widget/ProgressBar.setIndeterminate(),1
APICall::Landroid/widget/ProgressBar.setIndeterminateDrawable(),1
APICall::Landroid/widget/ProgressBar.setProgress(),1
APICall::Landroid/widget/ProgressBar.setProgressDrawable(),1
APICall::Landroid/widget/ProgressBar.setVisibility(),1
APICall::Landroid/widget/RadioButton.<init>(),1
APICall::Landroid/widget/RadioButton.drawableStateChanged(),1
APICall::Landroid/widget/RadioButton.setAllCaps(),1
APICall::Landroid/widget/RadioButton.setBackgroundDrawable(),1
APICall::Landroid/widget/RadioButton.setBackgroundResource(),1
APICall::Landroid/widget/RadioButton.setButtonDrawable(),1
APICall::Landroid/widget/RadioButton.setCompoundDrawables(),1
APICall::Landroid/widget/RadioButton.setCompoundDrawablesRelative(),1
APICall::Landroid/widget/RadioButton.setFilters(),1
APICall::Landroid/widget/RadioButton.setVisibility(),1
APICall::Landroid/widget/RatingBar.<init>(),1
APICall::Landroid/widget/RatingBar.onMeasure(),1
APICall::Landroid/widget/RelativeLayout.<init>(),1
APICall::Landroid/widget/RelativeLayout.draw(),1
APICall::Landroid/widget/RelativeLayout.isOpaque(),1
APICall::Landroid/widget/RemoteViews.<init>(),1
APICall::Landroid/widget/RemoteViews.addView(),1
APICall::Landroid/widget/RemoteViews.clone(),1
APICall::Landroid/widget/RemoteViews.removeAllViews(),1
APICall::Landroid/widget/RemoteViews.setBoolean(),1
APICall::Landroid/widget/RemoteViews.setChronometerCountDown(),1
APICall::Landroid/widget/RemoteViews.setContentDescription(),1
APICall::Landroid/widget/RemoteViews.setImageViewBitmap(),1
APICall::Landroid/widget/RemoteViews.setLong(),1
APICall::Landroid/widget/RemoteViews.setOnClickPendingIntent(),1
APICall::Landroid/widget/RemoteViews.setTextViewText(),1
APICall::Landroid/widget/RemoteViews.setTextViewTextSize(),1
APICall::Landroid/widget/RemoteViews.setViewPadding(),1
APICall::Landroid/widget/RemoteViews.setViewVisibility(),1
APICall::Landroid/widget/ScrollView.<init>(),1
APICall::Landroid/widget/ScrollView.addView(),1
APICall::Landroid/widget/ScrollView.getChildAt(),1
APICall::Landroid/widget/ScrollView.getChildCount(),1
APICall::Landroid/widget/ScrollView.getHeight(),1
APICall::Landroid/widget/ScrollView.getLocationInWindow(),1
APICall::Landroid/widget/ScrollView.setLayoutParams(),1
APICall::Landroid/widget/ScrollView.setVerticalScrollBarEnabled(),1
APICall::Landroid/widget/Scroller.<init>(),1
APICall::Landroid/widget/Scroller.abortAnimation(),1
APICall::Landroid/widget/Scroller.computeScrollOffset(),1
APICall::Landroid/widget/Scroller.fling(),1
APICall::Landroid/widget/Scroller.getCurrX(),1
APICall::Landroid/widget/Scroller.getCurrY(),1
APICall::Landroid/widget/Scroller.getFinalX(),1
APICall::Landroid/widget/Scroller.getFinalY(),1
APICall::Landroid/widget/Scroller.getStartX(),1
APICall::Landroid/widget/Scroller.isFinished(),1
APICall::Landroid/widget/Scroller.setFinalX(),1
APICall::Landroid/widget/Scroller.startScroll(),1
APICall::Landroid/widget/SeekBar.<init>(),1
APICall::Landroid/widget/SeekBar.drawableStateChanged(),1
APICall::Landroid/widget/SeekBar.getContext(),1
APICall::Landroid/widget/SeekBar.getDrawableState(),1
APICall::Landroid/widget/SeekBar.getHeight(),1
APICall::Landroid/widget/SeekBar.getLayoutDirection(),1
APICall::Landroid/widget/SeekBar.getMax(),1
APICall::Landroid/widget/SeekBar.getPaddingLeft(),1
APICall::Landroid/widget/SeekBar.getPaddingRight(),1
APICall::Landroid/widget/SeekBar.getWidth(),1
APICall::Landroid/widget/SeekBar.invalidate(),1
APICall::Landroid/widget/SeekBar.invalidateDrawable(),1
APICall::Landroid/widget/SeekBar.jumpDrawablesToCurrentState(),1
APICall::Landroid/widget/SeekBar.onDraw(),1
APICall::Landroid/widget/SeekBar.setThumb(),1
APICall::Landroid/widget/ShareActionProvider.<init>(),1
APICall::Landroid/widget/ShareActionProvider.setShareHistoryFileName(),1
APICall::Landroid/widget/ShareActionProvider.setShareIntent(),1
APICall::Landroid/widget/SimpleCursorAdapter.<init>(),1
APICall::Landroid/widget/Spinner.<init>(),1
APICall::Landroid/widget/Spinner.drawableStateChanged(),1
APICall::Landroid/widget/Spinner.getAdapter(),1
APICall::Landroid/widget/Spinner.getCount(),1
APICall::Landroid/widget/Spinner.getDropDownHorizontalOffset(),1
APICall::Landroid/widget/Spinner.getDropDownVerticalOffset(),1
APICall::Landroid/widget/Spinner.getDropDownWidth(),1
APICall::Landroid/widget/Spinner.getParent(),1
APICall::Landroid/widget/Spinner.getPopupBackground(),1
APICall::Landroid/widget/Spinner.getPrompt(),1
APICall::Landroid/widget/Spinner.getSelectedItemPosition(),1
APICall::Landroid/widget/Spinner.onDetachedFromWindow(),1
APICall::Landroid/widget/Spinner.onMeasure(),1
APICall::Landroid/widget/Spinner.onRestoreInstanceState(),1
APICall::Landroid/widget/Spinner.onSaveInstanceState(),1
APICall::Landroid/widget/Spinner.onTouchEvent(),1
APICall::Landroid/widget/Spinner.performClick(),1
APICall::Landroid/widget/Spinner.setAdapter(),1
APICall::Landroid/widget/Spinner.setBackgroundDrawable(),1
APICall::Landroid/widget/Spinner.setBackgroundResource(),1
APICall::Landroid/widget/Spinner.setDropDownHorizontalOffset(),1
APICall::Landroid/widget/Spinner.setDropDownVerticalOffset(),1
APICall::Landroid/widget/Spinner.setDropDownWidth(),1
APICall::Landroid/widget/Spinner.setLayoutParams(),1
APICall::Landroid/widget/Spinner.setOnItemSelectedListener(),1
APICall::Landroid/widget/Spinner.setPopupBackgroundDrawable(),1
APICall::Landroid/widget/Spinner.setPrompt(),1
APICall::Landroid/widget/Spinner.setSelection(),1
APICall::Landroid/widget/SpinnerAdapter.getCount(),1
APICall::Landroid/widget/SpinnerAdapter.getDropDownView(),1
APICall::Landroid/widget/SpinnerAdapter.getItem(),1
APICall::Landroid/widget/SpinnerAdapter.getItemId(),1
APICall::Landroid/widget/SpinnerAdapter.getItemViewType(),1
APICall::Landroid/widget/SpinnerAdapter.getView(),1
APICall::Landroid/widget/SpinnerAdapter.hasStableIds(),1
APICall::Landroid/widget/SpinnerAdapter.registerDataSetObserver(),1
APICall::Landroid/widget/SpinnerAdapter.unregisterDataSetObserver(),1
APICall::Landroid/widget/TabHost$OnTabChangeListener.onTabChanged(),1
APICall::Landroid/widget/TabHost$TabSpec.getTag(),1
APICall::Landroid/widget/TabHost$TabSpec.setContent(),1
APICall::Landroid/widget/TabHost.<init>(),1
APICall::Landroid/widget/TabHost.onAttachedToWindow(),1
APICall::Landroid/widget/TabHost.onDetachedFromWindow(),1
APICall::Landroid/widget/TabHost.onRestoreInstanceState(),1
APICall::Landroid/widget/TabHost.onSaveInstanceState(),1
APICall::Landroid/widget/TabHost.setOnTabChangedListener(),1
APICall::Landroid/widget/TabHost.setup(),1
APICall::Landroid/widget/TabWidget.<init>(),1
APICall::Landroid/widget/TabWidget.setId(),1
APICall::Landroid/widget/TabWidget.setOrientation(),1
APICall::Landroid/widget/TextView.<init>(),1
APICall::Landroid/widget/TextView.addTextChangedListener(),1
APICall::Landroid/widget/TextView.animate(),1
APICall::Landroid/widget/TextView.beginBatchEdit(),1
APICall::Landroid/widget/TextView.bringToFront(),1
APICall::Landroid/widget/TextView.drawableStateChanged(),1
APICall::Landroid/widget/TextView.endBatchEdit(),1
APICall::Landroid/widget/TextView.forceLayout(),1
APICall::Landroid/widget/TextView.getAutoSizeMaxTextSize(),1
APICall::Landroid/widget/TextView.getAutoSizeMinTextSize(),1
APICall::Landroid/widget/TextView.getAutoSizeStepGranularity(),1
APICall::Landroid/widget/TextView.getAutoSizeTextAvailableSizes(),1
APICall::Landroid/widget/TextView.getAutoSizeTextType(),1
APICall::Landroid/widget/TextView.getBaseline(),1
APICall::Landroid/widget/TextView.getBreakStrategy(),1
APICall::Landroid/widget/TextView.getCompoundDrawableTintList(),1
APICall::Landroid/widget/TextView.getCompoundDrawableTintMode(),1
APICall::Landroid/widget/TextView.getCompoundDrawables(),1
APICall::Landroid/widget/TextView.getCompoundDrawablesRelative(),1
APICall::Landroid/widget/TextView.getCompoundPaddingBottom(),1
APICall::Landroid/widget/TextView.getCompoundPaddingTop(),1
APICall::Landroid/widget/TextView.getContentDescription(),1
APICall::Landroid/widget/TextView.getContext(),1
APICall::Landroid/widget/TextView.getCurrentTextColor(),1
APICall::Landroid/widget/TextView.getCustomSelectionActionModeCallback(),1
APICall::Landroid/widget/TextView.getDrawableState(),1
APICall::Landroid/widget/TextView.getEditableText(),1
APICall::Landroid/widget/TextView.getFilters(),1
APICall::Landroid/widget/TextView.getHeight(),1
APICall::Landroid/widget/TextView.getHint(),1
APICall::Landroid/widget/TextView.getHitRect(),1
APICall::Landroid/widget/TextView.getHyphenationFrequency(),1
APICall::Landroid/widget/TextView.getIncludeFontPadding(),1
APICall::Landroid/widget/TextView.getInputType(),1
APICall::Landroid/widget/TextView.getLayout(),1
APICall::Landroid/widget/TextView.getLayoutDirection(),1
APICall::Landroid/widget/TextView.getLayoutParams(),1
APICall::Landroid/widget/TextView.getLeft(),1
APICall::Landroid/widget/TextView.getLetterSpacing(),1
APICall::Landroid/widget/TextView.getLineBounds(),1
APICall::Landroid/widget/TextView.getLineCount(),1
APICall::Landroid/widget/TextView.getLineSpacingExtra(),1
APICall::Landroid/widget/TextView.getLineSpacingMultiplier(),1
APICall::Landroid/widget/TextView.getLinksClickable(),1
APICall::Landroid/widget/TextView.getMaxLines(),1
APICall::Landroid/widget/TextView.getMeasuredHeight(),1
APICall::Landroid/widget/TextView.getMeasuredState(),1
APICall::Landroid/widget/TextView.getMeasuredWidth(),1
APICall::Landroid/widget/TextView.getMinLines(),1
APICall::Landroid/widget/TextView.getMovementMethod(),1
APICall::Landroid/widget/TextView.getOffsetForPosition(),1
APICall::Landroid/widget/TextView.getPaddingBottom(),1
APICall::Landroid/widget/TextView.getPaddingEnd(),1
APICall::Landroid/widget/TextView.getPaddingLeft(),1
APICall::Landroid/widget/TextView.getPaddingRight(),1
APICall::Landroid/widget/TextView.getPaddingStart(),1
APICall::Landroid/widget/TextView.getPaddingTop(),1
APICall::Landroid/widget/TextView.getPaint(),1
APICall::Landroid/widget/TextView.getResources(),1
APICall::Landroid/widget/TextView.getRight(),1
APICall::Landroid/widget/TextView.getScaleX(),1
APICall::Landroid/widget/TextView.getScrollX(),1
APICall::Landroid/widget/TextView.getScrollY(),1
APICall::Landroid/widget/TextView.getText(),1
APICall::Landroid/widget/TextView.getTextClassifier(),1
APICall::Landroid/widget/TextView.getTextColors(),1
APICall::Landroid/widget/TextView.getTextDirection(),1
APICall::Landroid/widget/TextView.getTextDirectionHeuristic(),1
APICall::Landroid/widget/TextView.getTextLocale(),1
APICall::Landroid/widget/TextView.getTextMetricsParams(),1
APICall::Landroid/widget/TextView.getTextSize(),1
APICall::Landroid/widget/TextView.getTotalPaddingLeft(),1
APICall::Landroid/widget/TextView.getTotalPaddingRight(),1
APICall::Landroid/widget/TextView.getTotalPaddingTop(),1
APICall::Landroid/widget/TextView.getTransformationMethod(),1
APICall::Landroid/widget/TextView.getTypeface(),1
APICall::Landroid/widget/TextView.getVisibility(),1
APICall::Landroid/widget/TextView.getWidth(),1
APICall::Landroid/widget/TextView.invalidate(),1
APICall::Landroid/widget/TextView.isAttachedToWindow(),1
APICall::Landroid/widget/TextView.isEnabled(),1
APICall::Landroid/widget/TextView.isHorizontallyScrollable(),1
APICall::Landroid/widget/TextView.isInEditMode(),1
APICall::Landroid/widget/TextView.isInLayout(),1
APICall::Landroid/widget/TextView.layout(),1
APICall::Landroid/widget/TextView.measure(),1
APICall::Landroid/widget/TextView.onCheckIsTextEditor(),1
APICall::Landroid/widget/TextView.onCreateInputConnection(),1
APICall::Landroid/widget/TextView.onDetachedFromWindow(),1
APICall::Landroid/widget/TextView.onLayout(),1
APICall::Landroid/widget/TextView.onMeasure(),1
APICall::Landroid/widget/TextView.onTextChanged(),1
APICall::Landroid/widget/TextView.post(),1
APICall::Landroid/widget/TextView.requestLayout(),1
APICall::Landroid/widget/TextView.setAccessibilityDelegate(),1
APICall::Landroid/widget/TextView.setAccessibilityLiveRegion(),1
APICall::Landroid/widget/TextView.setAllCaps(),1
APICall::Landroid/widget/TextView.setAlpha(),1
APICall::Landroid/widget/TextView.setAutoSizeTextTypeUniformWithConfiguration(),1
APICall::Landroid/widget/TextView.setAutoSizeTextTypeUniformWithPresetSizes(),1
APICall::Landroid/widget/TextView.setAutoSizeTextTypeWithDefaults(),1
APICall::Landroid/widget/TextView.setBackground(),1
APICall::Landroid/widget/TextView.setBackgroundDrawable(),1
APICall::Landroid/widget/TextView.setBackgroundResource(),1
APICall::Landroid/widget/TextView.setBreakStrategy(),1
APICall::Landroid/widget/TextView.setCompoundDrawableTintList(),1
APICall::Landroid/widget/TextView.setCompoundDrawableTintMode(),1
APICall::Landroid/widget/TextView.setCompoundDrawables(),1
APICall::Landroid/widget/TextView.setCompoundDrawablesRelative(),1
APICall::Landroid/widget/TextView.setCompoundDrawablesRelativeWithIntrinsicBounds(),1
APICall::Landroid/widget/TextView.setCompoundDrawablesWithIntrinsicBounds(),1
APICall::Landroid/widget/TextView.setContentDescription(),1
APICall::Landroid/widget/TextView.setCustomSelectionActionModeCallback(),1
APICall::Landroid/widget/TextView.setDuplicateParentStateEnabled(),1
APICall::Landroid/widget/TextView.setEllipsize(),1
APICall::Landroid/widget/TextView.setEnabled(),1
APICall::Landroid/widget/TextView.setFilters(),1
APICall::Landroid/widget/TextView.setFirstBaselineToTopHeight(),1
APICall::Landroid/widget/TextView.setFocusable(),1
APICall::Landroid/widget/TextView.setFontVariationSettings(),1
APICall::Landroid/widget/TextView.setGravity(),1
APICall::Landroid/widget/TextView.setHint(),1
APICall::Landroid/widget/TextView.setHintTextColor(),1
APICall::Landroid/widget/TextView.setHyphenationFrequency(),1
APICall::Landroid/widget/TextView.setId(),1
APICall::Landroid/widget/TextView.setImportantForAccessibility(),1
APICall::Landroid/widget/TextView.setIncludeFontPadding(),1
APICall::Landroid/widget/TextView.setLabelFor(),1
APICall::Landroid/widget/TextView.setLastBaselineToBottomHeight(),1
APICall::Landroid/widget/TextView.setLayoutParams(),1
APICall::Landroid/widget/TextView.setLineHeight(),1
APICall::Landroid/widget/TextView.setLineSpacing(),1
APICall::Landroid/widget/TextView.setLinkTextColor(),1
APICall::Landroid/widget/TextView.setMaxLines(),1
APICall::Landroid/widget/TextView.setMinimumHeight(),1
APICall::Landroid/widget/TextView.setMovementMethod(),1
APICall::Landroid/widget/TextView.setOnClickListener(),1
APICall::Landroid/widget/TextView.setPadding(),1
APICall::Landroid/widget/TextView.setPaddingRelative(),1
APICall::Landroid/widget/TextView.setPivotX(),1
APICall::Landroid/widget/TextView.setPivotY(),1
APICall::Landroid/widget/TextView.setScaleX(),1
APICall::Landroid/widget/TextView.setScaleY(),1
APICall::Landroid/widget/TextView.setSelected(),1
APICall::Landroid/widget/TextView.setSingleLine(),1
APICall::Landroid/widget/TextView.setTag(),1
APICall::Landroid/widget/TextView.setText(),1
APICall::Landroid/widget/TextView.setTextAlignment(),1
APICall::Landroid/widget/TextView.setTextAppearance(),1
APICall::Landroid/widget/TextView.setTextClassifier(),1
APICall::Landroid/widget/TextView.setTextColor(),1
APICall::Landroid/widget/TextView.setTextDirection(),1
APICall::Landroid/widget/TextView.setTextLocales(),1
APICall::Landroid/widget/TextView.setTextSize(),1
APICall::Landroid/widget/TextView.setTransformationMethod(),1
APICall::Landroid/widget/TextView.setTranslationY(),1
APICall::Landroid/widget/TextView.setTypeface(),1
APICall::Landroid/widget/TextView.setVisibility(),1
APICall::Landroid/widget/ThemedSpinnerAdapter.getDropDownViewTheme(),1
APICall::Landroid/widget/ThemedSpinnerAdapter.setDropDownViewTheme(),1
APICall::Landroid/widget/Toast.makeText(),1
APICall::Landroid/widget/Toast.show(),1
APICall::Landroid/widget/ToggleButton.<init>(),1
APICall::Landroid/widget/ToggleButton.drawableStateChanged(),1
APICall::Landroid/widget/ToggleButton.setAllCaps(),1
APICall::Landroid/widget/ToggleButton.setBackgroundDrawable(),1
APICall::Landroid/widget/ToggleButton.setBackgroundResource(),1
APICall::Landroid/widget/ToggleButton.setCompoundDrawables(),1
APICall::Landroid/widget/ToggleButton.setCompoundDrawablesRelative(),1
APICall::Landroid/widget/ToggleButton.setFilters(),1
APICall::Landroid/widget/Toolbar.getSubtitle(),1
APICall::Landroid/widget/Toolbar.getTitle(),1
APICall::Landroid/widget/Toolbar.getTitleMarginBottom(),1
APICall::Landroid/widget/Toolbar.getTitleMarginEnd(),1
APICall::Landroid/widget/Toolbar.getTitleMarginStart(),1
APICall::Landroid/widget/Toolbar.getTitleMarginTop(),1
APICall::Landroid/window/BackEvent.<init>(),1
APICall::Landroid/window/BackEvent.getProgress(),1
APICall::Landroid/window/BackEvent.getSwipeEdge(),1
APICall::Landroid/window/BackEvent.getTouchX(),1
APICall::Landroid/window/BackEvent.getTouchY(),1
APICall::Landroid/window/OnBackInvokedDispatcher.registerOnBackInvokedCallback(),1
APICall::Landroid/window/OnBackInvokedDispatcher.unregisterOnBackInvokedCallback(),1
